Date,Open,High,Low,Close
4/1/2021,20.64,20.67,19.73,19.99
3/31/2021,20.48,20.83,19.99,20.65
3/30/2021,0,0,0,20.65
3/26/2021,22.69,22.91,18.22,20.65
3/25/2021,22.45,23.31,21.12,22.7
3/24/2021,20.66,22.68,19.74,22.46
3/23/2021,20.49,22.13,20.49,20.67
3/22/2021,19.98,21.23,18.97,20.49
3/19/2021,20.08,21.86,18.72,19.99
3/18/2021,20.15,20.94,16.68,20.08
3/17/2021,20.19,20.42,18.62,20.16
3/16/2021,21.22,21.22,18.06,20.19
3/15/2021,21.7,22.93,20.99,21.23
3/12/2021,20.74,22.67,18.53,21.71
3/10/2021,22.49,22.49,19.31,20.75
3/9/2021,24.67,24.67,21.43,22.5
3/8/2021,25.56,25.65,21.2,24.68
3/5/2021,24.15,26.4,22.86,25.56
3/4/2021,22.09,24.57,22.09,24.15
3/3/2021,23.6,23.6,21.81,22.09
3/2/2021,25.62,25.62,23.21,23.61
3/1/2021,28.14,28.14,24.95,25.63
2/26/2021,22.89,29.64,22.89,28.14
2/25/2021,24.16,24.16,22.62,22.89
2/24/2021,25.22,25.22,23.48,24.17
2/23/2021,25.47,25.64,23.85,25.23
2/22/2021,22.25,25.82,20.02,25.47
2/19/2021,21.54,22.86,19.34,22.25
2/18/2021,21.5,22.08,19.96,21.54
2/17/2021,21.78,21.88,21.09,21.51
2/16/2021,21.47,22.11,20.53,21.78
2/15/2021,22.04,22.39,20.82,21.48
2/12/2021,0,0,0,23.05
2/11/2021,23.95,24.22,21.01,23.05
2/10/2021,24.27,24.95,20.9,23.95
2/9/2021,23.95,24.46,21.43,24.27
2/8/2021,23.41,24.34,22.17,23.96
2/5/2021,23.12,23.93,20.08,23.42
2/4/2021,23.74,23.93,22.09,23.12
2/3/2021,23.34,24.19,20.94,23.75
2/2/2021,23.32,23.61,21,23.35
2/1/2021,25.34,25.92,22.6,23.32
1/29/2021,24.29,25.99,22.08,25.34
1/28/2021,24.39,25.29,23.43,24.29
1/27/2021,23.24,24.74,20.83,24.39
1/25/2021,22.42,23.81,20.33,23.25
1/22/2021,22.18,23.04,18.73,22.42
1/21/2021,21.55,22.77,18.61,22.18
1/20/2021,22.89,23.18,19.33,21.55
1/19/2021,24.39,24.39,20.36,22.9
1/18/2021,24.01,25.41,23.56,24.4
1/15/2021,23.02,24.67,23.02,24.01
1/14/2021,23.29,23.7,22.8,23.03
1/13/2021,22.84,24.04,22.37,23.29
1/12/2021,22.38,23.26,22.29,22.85
1/11/2021,20.64,22.74,20.64,22.38
1/8/2021,20.61,20.85,17.38,20.64
1/7/2021,20.99,20.99,20.13,20.62
1/6/2021,20.46,21.63,20.42,21
1/5/2021,20.03,21,20.03,20.46
1/4/2021,19.56,21.02,19.33,20.03
1/1/2021,21.09,21.33,19.26,19.56
12/31/2020,21.11,21.5,19.19,21.1
12/30/2020,20.79,21.58,20.79,21.11
12/29/2020,20.42,21.21,17.62,20.79
12/28/2020,19.96,21.02,18.59,20.43
12/24/2020,20.49,20.95,15.64,19.97
12/23/2020,21.98,22.08,19.39,20.5
12/22/2020,23.19,24.48,16.59,21.99
12/21/2020,18.62,23.68,18.62,23.19
12/18/2020,19.15,19.49,14.55,18.62
12/17/2020,19.2,21.62,14.05,19.16
12/16/2020,19.34,19.39,18.6,19.2
12/15/2020,19.4,19.82,15.69,19.35
12/14/2020,18.79,19.64,15.32,19.4
12/11/2020,18.71,19.28,17.36,18.79
12/10/2020,18.92,19.38,17.42,18.71
12/9/2020,18.61,19.63,16.22,18.92
12/8/2020,18.02,18.79,16.26,18.62
12/7/2020,18.03,18.32,16.95,18.03
12/4/2020,19,19.03,16.53,18.03
12/3/2020,19.9,19.9,17.72,19
12/2/2020,20.18,20.55,17.96,19.91
12/1/2020,19.81,21.23,19.24,20.18
11/27/2020,20.02,21.28,17.62,19.82
11/26/2020,23.12,23.12,19.43,20.02
11/25/2020,21.05,23.49,20.68,23.13
11/24/2020,20.79,22,20.02,21.06
11/23/2020,19.61,20.86,16.91,20.8
11/20/2020,19.57,19.8,16.99,19.62
11/19/2020,19.12,19.98,16.32,19.57
11/18/2020,19.8,19.8,15.72,19.12
11/17/2020,19.13,20.4,18.4,19.8
11/14/2020,19.7,19.7,16.17,19.13
11/13/2020,20.62,29.52,19.55,19.7
11/12/2020,22.03,22.03,19.78,20.62
11/11/2020,21.57,22.37,18.99,22.03
11/10/2020,20.11,21.84,19.89,21.58
11/9/2020,20.49,21.04,17.58,20.11
11/6/2020,20.96,20.96,19.28,20.5
11/5/2020,23.2,23.2,19.99,20.97
11/4/2020,24.24,24.24,20.67,23.2
11/3/2020,25.21,25.33,22.91,24.24
11/2/2020,24.75,25.91,24.22,25.21
10/30/2020,24.02,26.3,21.72,24.75
10/29/2020,23.28,24.36,22.28,24.02
10/28/2020,22.19,23.46,20.08,23.28
10/27/2020,22.83,23.16,22.12,22.2
10/26/2020,21.82,23.4,21.32,22.83
10/23/2020,22.63,22.78,19.83,21.83
10/22/2020,22.91,23.51,17.44,22.64
10/21/2020,22.69,23.54,18.37,22.92
10/20/2020,21.81,22.79,18.79,22.69
10/19/2020,21.64,22.31,15.46,21.82
10/16/2020,22.05,22.41,20.48,21.65
10/15/2020,20.21,22.27,19.03,22.06
10/14/2020,20.71,20.96,18.42,20.21
10/13/2020,21.12,21.65,20.52,20.72
10/12/2020,20.38,22.1,19.39,21.13
10/9/2020,20.38,21,17.51,20.38
10/8/2020,20.06,20.85,18.97,20.38
10/7/2020,19.63,20.33,19.06,20.06
10/6/2020,19.7,19.89,18.36,19.64
10/5/2020,18.35,20.02,18.35,19.71
10/1/2020,19.53,19.53,17.37,18.35
9/30/2020,19.77,20.21,17.67,19.53
9/29/2020,19.57,20.19,18.42,19.78
9/28/2020,20.67,21.09,19.35,19.57
9/25/2020,23.51,23.51,18.66,20.68
9/24/2020,20.99,23.81,20.92,23.51
9/23/2020,21.41,22.47,19.37,20.99
9/22/2020,22.18,23.27,15.75,21.41
9/21/2020,20.04,22.99,18.26,22.19
9/18/2020,20.1,20.77,17.58,20.05
9/17/2020,19.66,20.68,17.55,20.1
9/16/2020,20.59,20.59,16.32,19.66
9/15/2020,21.19,21.19,18.89,20.6
9/14/2020,20.71,21.74,17.53,21.19
9/11/2020,21.26,21.34,18.17,20.71
9/10/2020,22.23,22.23,17.7,21.26
9/9/2020,22.72,23.27,20.19,22.23
9/8/2020,22,23.07,17.57,22.72
9/7/2020,22.15,23.24,17.24,22.01
9/4/2020,20.5,22.64,19.85,22.15
9/3/2020,21.1,21.1,18.16,20.5
9/2/2020,21.8,22.49,19.85,21.11
9/1/2020,22.83,23.24,21.11,21.8
8/31/2020,18.34,23.87,16.4,22.84
8/28/2020,18.89,18.89,16.65,18.35
8/27/2020,19.3,19.47,17.45,18.9
8/26/2020,19.31,19.59,17.22,19.3
8/25/2020,19.23,19.8,15.42,19.32
8/24/2020,19.93,20.06,17.88,19.23
8/21/2020,20.61,20.61,14.88,19.94
8/20/2020,19.95,21.08,17.66,20.62
8/19/2020,20.43,20.43,17.83,19.96
8/18/2020,21.3,21.3,18.25,20.43
8/17/2020,21.67,22.87,19.55,21.31
8/14/2020,20.56,22.97,16.34,21.67
8/13/2020,20.84,21.19,19.46,20.57
8/12/2020,21.36,21.92,16.85,20.85
8/11/2020,22.51,22.51,20.21,21.36
8/10/2020,22.57,23.01,21.45,22.51
8/7/2020,23.15,23.31,21.75,22.58
8/6/2020,23.56,23.7,22.52,23.15
8/5/2020,23.81,23.93,21.82,23.57
8/4/2020,25.18,25.18,23.55,23.82
8/3/2020,24.19,25.69,23.26,25.19
7/31/2020,24.72,25.37,23.96,24.19
7/30/2020,24.11,25.14,22.09,24.73
7/29/2020,23.64,24.49,23.64,24.11
7/28/2020,25.01,25.21,23.54,23.64
7/27/2020,24.53,25.71,23.29,25.02
7/24/2020,24.64,25.29,22.73,24.54
7/23/2020,24.88,24.93,24,24.64
7/22/2020,24.42,25.8,23.73,24.89
7/21/2020,24.71,24.71,23.72,24.43
7/20/2020,24.15,25.12,24.15,24.71
7/17/2020,25.36,25.5,23.77,24.16
7/16/2020,26.29,26.59,25.24,25.36
7/15/2020,26.63,26.63,23.74,26.29
7/14/2020,25.25,27.26,25.25,26.64
7/13/2020,24.94,25.9,22.8,25.25
7/10/2020,24.91,25.47,23.48,24.94
7/9/2020,26.1,27.65,24.73,24.91
7/8/2020,25.1,26.35,25.03,26.1
7/7/2020,25.19,25.64,24.24,25.1
7/6/2020,25.76,26.17,24.54,25.2
7/3/2020,26.5,26.77,25.62,25.77
7/2/2020,28.11,28.11,26.31,26.51
7/1/2020,29.11,29.16,27.93,28.12
6/30/2020,28.91,29.63,28.4,29.12
6/29/2020,28.73,30.45,27.98,28.91
6/26/2020,29.72,30.06,28.31,28.74
6/25/2020,29.57,31.28,29.05,29.73
6/24/2020,29.34,30.53,27.79,29.58
6/23/2020,30.46,31.14,29.24,29.34
6/22/2020,29.96,30.98,29.96,30.46
6/19/2020,31.45,31.91,29.67,29.97
6/18/2020,33.35,33.42,31.21,31.46
6/17/2020,32.96,34.01,29.05,33.36
6/16/2020,32.57,35.31,30.4,32.97
6/15/2020,30.82,33.77,29.91,32.58
6/12/2020,29.66,32.87,29.66,30.82
6/11/2020,29.43,30.42,28.39,29.66
6/10/2020,30.2,30.2,28.72,29.44
6/9/2020,29.64,30.34,27.24,30.21
6/8/2020,28.68,30.14,27.79,29.65
6/5/2020,29.69,29.69,25.92,28.68
6/4/2020,30.04,30.26,28.45,29.69
6/3/2020,30.11,30.4,29.33,30.04
6/2/2020,30.74,30.91,27.9,30.12
6/1/2020,30.22,32.17,28.83,30.74
5/29/2020,30.01,30.56,27.41,30.22
5/28/2020,31.27,31.27,29.19,30.02
5/27/2020,31.47,32.01,28.85,31.27
5/26/2020,32.37,33.21,30.97,31.47
5/22/2020,32.98,34.36,26.33,32.38
5/21/2020,35.81,35.81,32.57,32.99
5/20/2020,39.45,39.45,34.09,35.81
5/19/2020,40.91,40.91,37.95,39.45
5/18/2020,38.01,41.24,27.93,40.92
5/15/2020,38.18,38.46,34.05,38.02
5/14/2020,38.83,38.83,35.79,38.18
5/13/2020,38.2,39.04,33.44,38.84
5/12/2020,38.03,38.81,35.24,38.21
5/11/2020,38.4,38.49,36.94,38.04
5/8/2020,39.93,39.93,36.54,38.41
5/7/2020,41.24,41.71,39.65,39.93
5/6/2020,43.6,43.63,40.19,41.25
5/5/2020,43.67,43.86,38.14,43.61
5/4/2020,33.98,43.92,33.98,43.67
4/30/2020,33.83,34.25,32.53,33.99
4/29/2020,35.35,35.35,31.48,33.84
4/28/2020,38.04,41.91,35.06,35.36
4/27/2020,39.11,40.16,35.21,38.04
4/24/2020,39.23,39.94,34.98,39.12
4/23/2020,42.82,42.82,36.99,39.23
4/22/2020,45.19,45.42,40.46,42.82
4/21/2020,43.45,45.96,36.21,45.2
4/20/2020,42.59,44.03,40.29,43.46
4/17/2020,46.09,46.09,40.3,42.59
4/16/2020,49.73,49.73,42.25,46.1
4/15/2020,51.45,51.45,44.64,49.74
4/13/2020,49.74,52.49,43.63,51.46
4/9/2020,52.24,52.24,46.9,49.75
4/8/2020,51.8,53.73,46.97,52.24
4/7/2020,55.3,55.3,49.94,51.8
4/3/2020,60.05,60.59,54.9,55.3
4/1/2020,64.4,64.4,59.78,60.05
3/31/2020,71.89,71.89,63.6,64.41
3/30/2020,70.38,73.36,70.28,71.89
3/27/2020,71.53,73.03,65.63,70.39
3/26/2020,77.62,79.4,70.67,71.53
3/25/2020,83.6,84.59,75.97,77.63
3/24/2020,71.98,86.63,71.98,83.61
3/23/2020,67.1,73.36,66.31,71.99
3/20/2020,72.19,72.96,65.38,67.1
3/19/2020,63.95,73.34,63.09,72.2
3/18/2020,62.92,64.57,61.15,63.96
3/17/2020,58.87,63.44,57.25,62.93
3/16/2020,51.47,59.86,51.47,58.88
3/13/2020,41.16,59.48,41.16,51.47
3/12/2020,31.55,42.32,29.81,41.16
3/11/2020,30.8,33.23,29.65,31.56
3/9/2020,25.64,34.35,21.42,30.8
3/6/2020,23.24,27.55,23.24,25.64
3/5/2020,24.22,24.22,22.12,23.25
3/4/2020,24.54,26.28,22.42,24.23
3/3/2020,25.2,26.49,21.54,24.54
3/2/2020,23.23,26.34,19.92,25.2
2/28/2020,17.76,23.69,17.48,23.24
2/27/2020,18.26,19.15,16.82,17.77
2/26/2020,16.89,18.86,16.5,18.26
2/25/2020,16.99,17.31,15.62,16.9
2/24/2020,13.7,17.37,12.29,17
2/20/2020,14.02,14.02,10.16,13.7
2/19/2020,14.51,14.51,13.48,14.02
2/18/2020,14.41,14.82,11.37,14.51
2/17/2020,13.61,14.61,13.38,14.42
2/14/2020,13.37,13.98,11.9,13.62
2/13/2020,13.62,13.67,11.8,13.37
2/12/2020,13.88,13.88,13.14,13.62
2/11/2020,14.21,14.21,11.37,13.88
2/10/2020,13.74,14.6,12.96,14.21
2/7/2020,13.78,13.99,12.97,13.75
2/6/2020,14.17,14.24,12.64,13.78
2/5/2020,14.38,14.52,13.81,14.17
2/4/2020,15.78,15.78,14.31,14.38
2/3/2020,16.83,17.03,15.48,15.78
2/1/2020,17.36,17.93,16.03,16.84
1/31/2020,16.79,17.59,14.9,17.37
1/30/2020,16.49,17.14,15.38,16.8
1/29/2020,17.29,17.29,15.65,16.5
1/28/2020,17.17,17.61,16.95,17.3
1/27/2020,15.56,17.34,14.68,17.18
1/24/2020,15.85,16.21,14.59,15.56
1/23/2020,16.36,16.7,15.77,15.86
1/22/2020,15.86,16.61,15.35,16.36
1/21/2020,15.41,16.04,15.07,15.86
1/20/2020,14.12,15.49,12.46,15.41
1/17/2020,14.18,14.53,12.5,14.13
1/16/2020,14.12,14.36,12.59,14.18
1/15/2020,13.91,14.45,13.58,14.12
1/14/2020,14.27,14.27,13.06,13.91
1/13/2020,14.07,14.49,13.57,14.28
1/10/2020,13.99,14.24,13.17,14.08
1/9/2020,15.64,15.64,12.99,14
1/8/2020,14.61,16.38,13.79,15.64
1/7/2020,14.77,14.91,14.46,14.61
1/6/2020,12.69,15.09,12.69,14.78
1/3/2020,11.49,12.94,10.68,12.7
1/2/2020,11.59,11.7,10.73,11.49
1/1/2020,11.66,11.73,11.08,11.6
12/31/2019,11,11.79,10.44,11.67
12/30/2019,10.52,11.45,9.61,11.01
12/27/2019,11.12,11.46,10.42,10.53
12/26/2019,11.62,12.34,10.84,11.12
12/24/2019,11.95,13.31,10.88,11.63
12/23/2019,12.32,14.5,10.69,11.96
12/20/2019,12.12,12.73,11.9,12.33
12/19/2019,12.33,12.41,11.32,12.12
12/18/2019,12.51,12.71,11.39,12.34
12/17/2019,13.41,13.42,11.95,12.52
12/16/2019,13.3,14.11,12.5,13.42
12/13/2019,13.34,14.67,12.18,13.3
12/12/2019,13.37,13.76,11.82,13.35
12/11/2019,14.29,14.44,11.71,13.38
12/10/2019,14.59,15.66,11.73,14.29
12/9/2019,13.64,15.36,12.46,14.6
12/6/2019,14.3,14.72,11.4,13.64
12/5/2019,13.32,15.12,12.82,14.31
12/4/2019,14.56,15.87,12.26,13.32
12/3/2019,14.2,16.34,12.07,14.56
12/2/2019,13.89,15.84,13.49,14.2
11/29/2019,13.98,14.29,13.14,13.9
11/28/2019,14.61,14.61,12.88,13.99
11/27/2019,14.83,14.83,12.35,14.62
11/26/2019,15,15.12,13.1,14.84
11/25/2019,14.87,15.21,13,15
11/22/2019,14.97,15.87,12.23,14.87
11/21/2019,15.16,15.59,12.61,14.98
11/20/2019,15.41,15.41,11.6,15.16
11/19/2019,15.75,15.75,12.61,15.41
11/18/2019,15.03,16.06,12.66,15.76
11/15/2019,15.65,15.65,12.52,15.03
11/14/2019,16.46,16.46,14.09,15.65
11/13/2019,16.25,16.67,14.47,16.46
11/11/2019,15.85,16.76,15.19,16.25
11/8/2019,15.2,15.99,13.71,15.86
11/7/2019,15.77,15.92,13.52,15.21
11/6/2019,15.91,16.15,13.38,15.78
11/5/2019,15.92,16.34,13.5,15.92
11/4/2019,15.73,16.36,13.49,15.93
11/1/2019,16.28,16.47,15.16,15.73
10/31/2019,16.65,16.79,15.5,16.28
10/30/2019,16.42,16.84,16.25,16.66
10/29/2019,15.58,16.54,15.49,16.42
10/27/2019,16.24,16.24,13.98,15.59
10/25/2019,16.24,16.24,15.19,15.32
10/24/2019,16.53,16.78,14.71,16.24
10/23/2019,16.81,16.85,14.83,16.54
10/22/2019,15.92,17.12,13.57,16.81
10/18/2019,15.87,16.15,14.99,15.93
10/17/2019,16.36,16.36,15.51,15.88
10/16/2019,16.85,16.95,15.49,16.36
10/15/2019,17.43,17.43,16.69,16.85
10/14/2019,17.14,17.96,17.06,17.43
10/11/2019,17.22,18.28,15.77,17.14
10/10/2019,17.15,17.54,15.72,17.23
10/9/2019,17.83,18.32,16.33,17.16
10/7/2019,17.58,18.42,16.99,17.83
10/4/2019,17.7,17.94,16.34,17.58
10/3/2019,16.75,18.04,16.41,17.7
10/1/2019,15.87,18.21,14.94,16.76
9/30/2019,16.11,16.51,15.8,15.87
9/27/2019,16.34,16.81,15.92,16.12
9/26/2019,16.17,17.01,13.64,16.34
9/25/2019,16.73,17.41,14.1,16.17
9/24/2019,16.79,18.53,15.89,16.73
9/23/2019,15.4,17.64,14.21,16.79
9/20/2019,15.55,17.04,13.82,15.4
9/19/2019,15.35,15.96,14.17,15.55
9/18/2019,16.01,16.18,13.9,15.35
9/17/2019,14.95,16.3,13.27,16.02
9/16/2019,14.12,15.3,14.11,14.95
9/13/2019,14.9,15.19,13.88,14.12
9/12/2019,15.37,15.37,14.6,14.9
9/11/2019,15.85,15.85,14.64,15.37
9/9/2019,16.27,16.64,13.66,15.85
9/6/2019,17.27,17.27,15.88,16.28
9/5/2019,17.23,17.7,16.05,17.27
9/4/2019,18.05,18.31,17.12,17.24
9/3/2019,16.28,18.27,16.28,18.06
8/30/2019,16.42,17.37,15.19,16.28
8/29/2019,16.83,17.44,13.87,16.43
8/28/2019,16.01,17.37,14.12,16.84
8/27/2019,16.65,16.83,14.42,16.01
8/26/2019,17.34,19.14,13.7,16.66
8/23/2019,17.85,18.26,13.7,17.35
8/22/2019,17.02,18.12,14.49,17.85
8/21/2019,16.63,17.32,14,17.02
8/20/2019,16.74,17.09,15.1,16.63
8/19/2019,16.64,17.02,14.71,16.75
8/16/2019,16.35,17.42,15.99,16.65
8/14/2019,17.77,17.77,16.11,16.36
8/13/2019,15.84,18,15.11,17.78
8/9/2019,16.09,16.16,15.02,15.85
8/8/2019,16.74,16.74,15.51,16.09
8/7/2019,16.12,16.91,15.73,16.74
8/6/2019,16.58,16.78,15.59,16.12
8/5/2019,15.18,17.82,15.18,16.59
8/2/2019,14.55,16.15,14.43,15.19
8/1/2019,13.59,15.28,13.27,14.56
7/31/2019,13.61,14.54,13.41,13.59
7/30/2019,13.06,13.86,12.5,13.61
7/29/2019,12.13,13.53,12.03,13.06
7/26/2019,12.63,13.31,11.92,12.13
7/25/2019,12.76,13.55,11.99,12.64
7/24/2019,13.42,14.48,11.85,12.76
7/23/2019,13.01,13.78,11.59,13.43
7/22/2019,12.51,13.4,11.56,13.01
7/19/2019,11.75,12.67,10.59,12.52
7/18/2019,11.8,11.98,9.22,11.75
7/17/2019,11.56,11.91,9.16,11.8
7/16/2019,12.02,12.02,11.06,11.56
7/15/2019,11.99,12.51,10.64,12.02
7/12/2019,12.47,12.55,11.55,12
7/11/2019,13.63,13.63,12.17,12.47
7/10/2019,13.68,13.96,12.39,13.64
7/9/2019,13.85,14.22,13.35,13.69
7/8/2019,13.06,14.04,12.1,13.85
7/5/2019,13.53,13.96,12.66,13.07
7/4/2019,13.69,13.69,13.01,13.53
7/3/2019,14.25,14.32,13.52,13.7
7/2/2019,14.6,14.83,14.02,14.25
7/1/2019,14.95,15.02,14.47,14.6
6/28/2019,14.64,15.07,13.99,14.95
6/27/2019,14.75,14.88,13.64,14.65
6/26/2019,15.01,15.19,14.39,14.75
6/25/2019,15.22,15.58,14.92,15.01
6/24/2019,14.61,15.66,11.85,15.22
6/21/2019,14,14.83,10.6,14.61
6/20/2019,14.73,15.18,12.83,14
6/19/2019,14.6,15.3,10.79,14.73
6/18/2019,14.65,14.97,11.73,14.6
6/17/2019,13.89,14.96,13.52,14.65
6/14/2019,13.66,14.11,12.64,13.9
6/13/2019,14.12,14.29,13.27,13.66
6/12/2019,14.49,14.71,13.31,14.12
6/11/2019,14.97,14.97,13.48,14.49
6/10/2019,14.85,15.45,13.44,14.98
6/7/2019,15.52,15.73,13.62,14.86
6/6/2019,15.62,15.92,13.97,15.53
6/4/2019,15.96,15.96,14.66,15.63
6/3/2019,16.06,16.23,14.07,15.97
5/31/2019,15.61,16.78,14.19,16.07
5/30/2019,16.4,16.4,14.85,15.61
5/29/2019,15.92,16.5,14.47,16.41
5/28/2019,16.19,16.54,15.38,15.92
5/27/2019,16.46,17.33,13.48,16.19
5/24/2019,19.4,19.4,14.49,16.47
5/23/2019,27.63,27.63,18.95,19.41
5/22/2019,25.65,30.18,19.04,27.63
5/21/2019,23.67,28.1,20.24,25.65
5/20/2019,28.07,28.07,19.76,23.68
5/17/2019,28.37,29.23,25.49,28.08
5/16/2019,28.65,29.32,23.78,28.37
5/15/2019,27.13,29.08,23.18,28.66
5/14/2019,27.38,27.76,22.39,27.13
5/13/2019,26.33,28.06,23.71,27.38
5/10/2019,25.48,26.52,24.53,26.34
5/9/2019,26.36,26.49,23.48,25.49
5/8/2019,26.47,27.02,23.24,26.37
5/7/2019,26.43,26.81,23.09,26.48
5/6/2019,24.03,27.83,19.74,26.43
5/3/2019,22.98,24.15,21.09,24.03
5/2/2019,21.82,23.26,21.76,22.98
4/30/2019,21.71,22.77,20.76,21.83
4/26/2019,23.23,23.96,21.43,21.72
4/25/2019,23.71,25.53,22.72,23.23
4/24/2019,24.64,25.12,23.44,23.71
4/23/2019,24.05,26.31,22.77,24.65
4/22/2019,22.73,24.56,20.4,24.05
4/18/2019,21.69,23.04,18.5,22.74
4/16/2019,21.38,21.88,19.67,21.69
4/15/2019,20.99,22.24,18.76,21.39
4/12/2019,20.95,21.3,18.67,21
4/11/2019,21.13,21.34,19.41,20.96
4/10/2019,20.28,21.28,18.7,21.13
4/9/2019,20.15,20.66,16.55,20.28
4/8/2019,18.39,20.45,18.39,20.15
4/5/2019,18.65,19.07,16.76,18.39
4/4/2019,18.78,19.32,18.25,18.65
4/3/2019,18.08,18.88,17.29,18.78
4/2/2019,18,18.55,17.44,18.08
4/1/2019,17.18,18.22,17.18,18.01
3/29/2019,16.65,17.43,16.23,17.19
3/28/2019,17.04,17.33,15.75,16.65
3/27/2019,16.48,17.42,14.54,17.05
3/26/2019,16.67,16.67,15.51,16.49
3/25/2019,16.27,17.02,14.25,16.67
3/22/2019,16.03,16.8,12.67,16.28
3/20/2019,16.49,16.49,14.48,16.03
3/19/2019,16.9,17.17,14.55,16.49
3/18/2019,15.86,17.18,14.26,16.9
3/15/2019,15.15,16.39,11.84,15.87
3/14/2019,15.27,15.52,13.76,15.15
3/13/2019,15.09,15.59,12.3,15.28
3/12/2019,14.89,15.19,13.84,15.1
3/11/2019,14.94,15.38,13.67,14.9
3/8/2019,15.29,15.41,12.92,14.94
3/7/2019,15.61,15.68,14.31,15.29
3/6/2019,15.65,15.73,14.28,15.61
3/5/2019,16.27,16.86,15.45,15.66
3/1/2019,18.27,18.27,15.89,16.28
2/28/2019,18.89,18.89,17.06,18.28
2/27/2019,17.11,19.97,14.13,18.9
2/26/2019,15.35,18.09,13.12,17.12
2/25/2019,15.45,16.03,11.7,15.36
2/22/2019,16.05,16.05,12.31,15.45
2/21/2019,17.05,17.17,12.12,16.05
2/20/2019,18.46,18.46,15.23,17.06
2/19/2019,18,18.6,15.25,18.47
2/18/2019,16.46,18.19,11.85,18
2/15/2019,15.77,17.53,12.44,16.46
2/14/2019,15.73,16.57,12.09,15.77
2/13/2019,15.75,15.9,11.81,15.73
2/12/2019,15.84,15.97,13.23,15.75
2/11/2019,15.56,16.35,13.46,15.84
2/8/2019,15.43,15.81,12.96,15.57
2/7/2019,15.63,16.22,13.59,15.44
2/6/2019,15.78,15.97,12.83,15.63
2/5/2019,15.72,15.97,14.6,15.78
2/4/2019,15.72,16.45,14.96,15.72
2/1/2019,17.12,17.18,15.54,15.72
1/31/2019,17.85,17.85,16.44,17.12
1/30/2019,18.42,18.42,15.97,17.85
1/29/2019,18.89,19.79,18.04,18.43
1/28/2019,17.69,19.28,14.58,18.9
1/25/2019,17.43,18.14,14.36,17.69
1/24/2019,18.08,18.37,14.54,17.44
1/23/2019,17.98,18.28,12.01,18.09
1/22/2019,18.14,18.47,15.51,17.99
1/21/2019,16.61,18.34,14.36,18.15
1/18/2019,16.24,16.9,12.3,16.62
1/17/2019,16.07,16.42,12.99,16.24
1/16/2019,15.58,16.3,12.8,16.08
1/15/2019,16.15,16.15,12.99,15.58
1/14/2019,15.35,16.55,15.35,16.16
1/11/2019,15.34,15.83,14.36,15.35
1/10/2019,15.27,15.6,14.14,15.35
1/9/2019,15.7,16.32,13.89,15.27
1/8/2019,16.3,16.57,14.73,15.7
1/7/2019,16.16,16.45,15.3,16.3
1/4/2019,16.79,16.97,15.48,16.16
1/3/2019,16.38,17.14,15.43,16.79
1/2/2019,15.32,16.94,14.83,16.39
1/1/2019,16,16.4,15.15,15.33
12/31/2018,15.27,16.15,14.65,16
12/28/2018,16.07,16.07,15.01,15.27
12/27/2018,15.92,16.37,12.56,16.07
12/26/2018,15.75,17.47,14.8,15.92
12/24/2018,15.99,17.13,14.89,15.75
12/21/2018,14.33,16.23,12.94,15.99
12/20/2018,14.66,14.91,13.72,14.33
12/19/2018,14.57,14.86,11.87,14.66
12/18/2018,14.54,15.31,11.98,14.58
12/17/2018,15.15,15.91,13.86,14.54
12/14/2018,15.55,15.59,12.67,15.16
12/13/2018,15.81,15.9,11.91,15.55
12/12/2018,17.94,17.94,15.41,15.81
12/11/2018,20.43,20.43,17.2,17.95
12/10/2018,18.59,20.64,16.89,20.44
12/7/2018,19.3,19.62,15.98,18.59
12/6/2018,18.39,19.55,15.91,19.31
12/5/2018,18.1,18.82,16.62,18.39
12/4/2018,18.22,19.62,16.9,18.11
12/3/2018,19.16,19.6,16.31,18.22
11/30/2018,18.69,19.91,16.81,19.16
11/29/2018,17.96,18.85,14.93,18.7
11/28/2018,18.31,19.35,16.67,17.96
11/27/2018,20.4,20.4,16.6,18.32
11/26/2018,19.16,20.52,15.01,20.4
11/22/2018,19.55,20,17.08,19.16
11/21/2018,19.32,20.09,15.54,19.56
11/20/2018,19.25,19.64,18.25,19.33
11/19/2018,18.35,19.65,13.51,19.26
11/16/2018,18.45,18.86,16.89,18.35
11/15/2018,18.82,18.91,15.49,18.46
11/14/2018,18.69,19.5,14.77,18.83
11/13/2018,19.36,19.68,17.12,18.7
11/12/2018,17.76,19.46,16.47,19.37
11/9/2018,17.87,18.75,16.75,17.77
11/7/2018,18.5,18.5,16.81,17.88
11/6/2018,19.48,19.48,16.18,18.51
11/5/2018,18.23,19.82,17.73,19.48
11/2/2018,19.19,19.19,17.48,18.23
11/1/2018,19.79,20.13,18.89,19.19
10/31/2018,20.5,22.81,19.57,19.8
10/30/2018,19.82,20.77,19.55,20.5
10/29/2018,19.23,20.81,19.23,19.83
10/26/2018,18.96,21.04,18.66,19.23
10/25/2018,18.88,20.33,18.49,18.96
10/24/2018,19.03,19.81,17.71,18.88
10/23/2018,21.35,22.34,18.76,19.04
10/22/2018,19.78,21.67,17.08,21.36
10/19/2018,17.98,20.05,17.44,19.79
10/17/2018,17.37,18.2,14.84,17.98
10/16/2018,18.88,18.88,14.28,17.37
10/15/2018,18.62,19.82,15.98,18.89
10/12/2018,20.54,20.54,16.67,18.63
10/11/2018,17.9,20.84,17.62,20.55
10/10/2018,19.75,19.75,17.72,17.91
10/9/2018,20.14,20.35,17.47,19.76
10/8/2018,19.73,21.76,18.47,20.15
10/5/2018,18.91,20.48,18.45,19.73
10/4/2018,18.11,19.68,17.48,18.92
10/3/2018,16.83,18.64,15.57,18.12
10/1/2018,16.99,18.86,16.27,16.84
9/28/2018,16.92,17.69,15.92,17
9/27/2018,17.08,17.37,15.6,16.92
9/26/2018,16.68,17.57,15.1,17.09
9/25/2018,17.42,18.31,16.21,16.68
9/24/2018,15.53,17.85,13.8,17.43
9/21/2018,14,16.92,10.98,15.54
9/19/2018,14.41,14.47,11.74,14.01
9/18/2018,14.49,14.62,11.87,14.42
9/17/2018,13.84,14.63,11.73,14.5
9/14/2018,14.25,14.25,12.32,13.84
9/12/2018,15.33,15.33,12.98,14.25
9/11/2018,15.2,15.44,13.44,15.33
9/10/2018,13.89,15.31,12.61,15.2
9/7/2018,13.72,14.14,11.08,13.89
9/6/2018,13.65,14.2,12.06,13.72
9/5/2018,13.78,14.15,11.95,13.65
9/4/2018,13.39,13.88,12.19,13.78
9/3/2018,12.59,13.71,11.17,13.39
8/31/2018,12.41,12.79,11.6,12.6
8/30/2018,12.43,12.62,10.62,12.41
8/29/2018,12.42,12.67,10.72,12.44
8/28/2018,12.23,12.6,10.37,12.43
8/27/2018,12.4,12.53,9.51,12.24
8/24/2018,12.75,12.83,9.43,12.41
8/23/2018,12.9,13.11,9.53,12.76
8/21/2018,13.03,13.63,9.92,12.9
8/20/2018,13.16,13.55,11.34,13.03
8/17/2018,13.64,13.64,10.3,13.16
8/16/2018,13.28,13.86,11.46,13.65
8/14/2018,13.4,13.42,10.75,13.28
8/13/2018,12.85,13.5,11.29,13.4
8/10/2018,12.67,12.98,10.05,12.85
8/9/2018,12.54,12.76,10.87,12.68
8/8/2018,12.57,12.78,10.48,12.54
8/7/2018,12.56,12.82,10.58,12.58
8/6/2018,12.07,12.73,11.85,12.56
8/3/2018,12.55,12.55,10.9,12.08
8/2/2018,12.53,12.8,10.88,12.56
8/1/2018,12.48,12.76,11.99,12.53
7/31/2018,12.58,12.79,12.28,12.48
7/30/2018,12.31,13.05,12.3,12.59
7/27/2018,12.02,12.5,11.24,12.31
7/26/2018,12.2,13.04,11.6,12.03
7/25/2018,12.46,13.25,11.21,12.21
7/24/2018,13,13.08,12.14,12.47
7/23/2018,13.53,13.62,12.06,13.01
7/20/2018,13.59,13.9,11.31,13.54
7/19/2018,13.68,13.79,10.99,13.59
7/18/2018,12.82,13.9,10.64,13.68
7/17/2018,12.94,12.94,11.24,12.83
7/16/2018,12.3,13.04,11.16,12.95
7/13/2018,12.5,12.5,11.31,12.3
7/12/2018,12.77,12.86,10.65,12.51
7/11/2018,12.39,12.86,10.01,12.78
7/10/2018,12.39,12.52,11.01,12.4
7/9/2018,12.44,12.57,11.21,12.39
7/6/2018,12.57,12.68,11.66,12.44
7/5/2018,12.65,12.95,11.22,12.58
7/4/2018,13,13.34,12.57,12.66
7/3/2018,13.37,13.75,12.18,13
7/2/2018,12.93,13.94,12.46,13.37
6/29/2018,13.94,13.94,12.63,12.94
6/28/2018,13.51,14.07,12.52,13.95
6/27/2018,12.79,13.81,12.08,13.51
6/26/2018,12.58,12.97,12.33,12.8
6/25/2018,12.02,12.77,9.74,12.58
6/22/2018,12.44,12.54,10.39,12.02
6/20/2018,12.92,12.92,10.6,12.17
6/19/2018,12.38,13,11.47,12.92
6/18/2018,12.07,12.55,9.82,12.38
6/15/2018,12.09,12.5,10.49,12.07
6/14/2018,12.63,12.63,10.43,12.1
6/13/2018,12.73,13.14,11.22,12.64
6/12/2018,13.18,13.89,10.44,12.73
6/11/2018,12.69,13.82,11.32,13.18
6/8/2018,12.77,13.16,10.8,12.7
6/7/2018,12.55,13.65,11.61,12.78
6/6/2018,13.31,13.51,12.14,12.55
6/5/2018,13.88,14.49,13.13,13.32
6/4/2018,13.57,15.47,12.18,13.88
6/1/2018,13.22,14.59,12.15,13.57
5/31/2018,13.41,14.23,12.13,13.22
5/30/2018,13.07,13.85,12.18,13.41
5/29/2018,13.05,13.86,11.97,13.07
5/28/2018,12.64,13.14,11.34,13.06
5/25/2018,13.14,13.17,11,12.65
5/24/2018,14.15,14.22,10.89,13.15
5/23/2018,13.6,14.94,11.88,14.16
5/22/2018,14.41,14.41,11.74,13.6
5/21/2018,14.15,14.53,11.75,14.41
5/18/2018,13.4,14.35,11.61,14.15
5/17/2018,13.43,13.68,11.09,13.41
5/16/2018,13.16,13.64,10.85,13.44
5/15/2018,14.24,14.24,11.48,13.17
5/14/2018,13.97,14.49,12.1,14.25
5/11/2018,14.42,14.82,13,13.98
5/10/2018,14.27,14.65,12.56,14.43
5/9/2018,14.05,14.55,12.12,14.27
5/8/2018,13.76,14.43,11.09,14.06
5/7/2018,13.25,13.96,12.82,13.76
5/4/2018,12.98,13.45,10.98,13.25
5/3/2018,12.84,13.2,12.47,12.99
5/2/2018,12.36,13.19,12.36,12.84
4/30/2018,12.01,12.55,12.01,12.36
4/27/2018,12.03,12.63,11.43,12.02
4/26/2018,12.39,13.58,11.74,12.04
4/25/2018,11.89,13.31,11.89,12.4
4/24/2018,13.14,13.38,11.48,11.9
4/23/2018,12.93,13.49,11.53,13.15
4/20/2018,13.74,13.76,9.74,12.94
4/19/2018,14.11,14.11,12.5,13.75
4/18/2018,14.04,14.36,13.16,14.11
4/17/2018,14.26,14.39,13.34,14.04
4/16/2018,14.14,14.86,13.41,14.26
4/13/2018,14.56,14.56,13.45,14.14
4/12/2018,14.72,14.99,11.8,14.56
4/11/2018,14.49,14.9,12.74,14.72
4/10/2018,14.86,14.86,14,14.5
4/9/2018,14.74,15.13,14.46,14.87
4/6/2018,14.79,15.15,13.01,14.75
4/5/2018,16.34,16.34,13.86,14.8
4/4/2018,15.18,16.48,13.68,16.34
4/3/2018,15.34,15.77,14.87,15.19
4/2/2018,15.75,16.45,15.19,15.35
3/28/2018,15.55,15.97,14.81,15.76
3/27/2018,15.19,16.1,14.49,15.55
3/26/2018,15.54,16.38,14.85,15.2
3/23/2018,15.24,16.38,15.24,15.55
3/22/2018,15.1,15.36,11.99,15.25
3/21/2018,15.6,15.6,12.39,15.11
3/20/2018,15.82,16.12,15.17,15.61
3/19/2018,15.22,16.01,13.14,15.82
3/16/2018,14.33,15.62,11.63,15.22
3/15/2018,14.36,14.65,11.29,14.33
3/14/2018,14.46,14.95,11.73,14.36
3/13/2018,14.49,14.62,12.38,14.46
3/12/2018,14.52,14.66,12.01,14.49
3/9/2018,14.58,14.76,12.9,14.53
3/8/2018,15.7,15.7,12.48,14.59
3/7/2018,16.24,16.46,13.44,15.7
3/6/2018,15.39,16.44,13.16,16.25
3/5/2018,14.07,15.99,12.23,15.4
3/1/2018,13.8,14.25,12.4,14.07
2/28/2018,13.92,14.4,12.52,13.81
2/27/2018,13.69,14.42,12.44,13.92
2/26/2018,14.2,14.32,13.53,13.7
2/23/2018,14.83,14.83,13.53,14.2
2/22/2018,15.92,16.45,14.5,14.83
2/21/2018,16.86,16.87,15.72,15.92
2/20/2018,16.66,17.53,16.32,16.87
2/19/2018,16.37,18.03,13.95,16.67
2/16/2018,16.31,16.97,12.57,16.38
2/15/2018,17.18,17.18,14.08,16.32
2/14/2018,17.88,17.88,15.52,17.19
2/12/2018,19.23,19.23,16.56,17.88
2/9/2018,17.77,20.42,15.15,19.23
2/8/2018,19.46,24.03,15.26,17.77
2/7/2018,20.01,20.01,16.79,19.47
2/6/2018,16.05,23.15,16.05,20.02
2/5/2018,15.25,18.33,15.08,16.05
2/2/2018,14.1,15.49,11.49,15.25
2/1/2018,15.93,16.77,13.9,14.11
1/31/2018,16.41,16.41,14.28,15.93
1/30/2018,17.88,18,16.15,16.42
1/29/2018,17.5,18.48,16.36,17.89
1/25/2018,18.04,18.23,17.03,17.51
1/24/2018,16.22,18.49,14.64,18.04
1/23/2018,15.39,16.29,14.11,16.23
1/22/2018,13.98,15.59,12.06,15.39
1/19/2018,13.96,14.19,10.75,13.98
1/18/2018,13.86,14.22,11.65,13.96
1/17/2018,14.08,14.44,10.34,13.86
1/16/2018,14.3,14.58,12.34,14.09
1/15/2018,13.73,14.47,11.81,14.31
1/12/2018,14.01,14.55,11.92,13.73
1/11/2018,14.03,14.27,12.98,14.01
1/10/2018,13.84,14.22,12.51,14.04
1/9/2018,13.73,14.13,12.25,13.85
1/8/2018,13.11,13.85,11.81,13.74
1/5/2018,13.41,13.41,12.42,13.11
1/4/2018,13.62,13.79,12.18,13.42
1/3/2018,13.68,13.71,12.76,13.62
1/2/2018,13.35,13.84,12.6,13.69
1/1/2018,12.67,13.61,12.54,13.35
12/29/2017,12.29,12.76,11.48,12.67
12/28/2017,12.49,12.69,11.32,12.3
12/27/2017,12.05,12.73,11.51,12.49
12/26/2017,11.58,12.25,10.31,12.05
12/22/2017,12.08,12.13,10.73,11.59
12/21/2017,12.18,12.24,10.16,12.09
12/20/2017,12.18,12.41,11.2,12.19
12/19/2017,13.11,13.11,12.07,12.19
12/18/2017,14.94,18.25,12.81,13.12
12/15/2017,16.4,16.4,13.39,14.94
12/14/2017,15.94,17.38,12.79,16.41
12/13/2017,15.26,16.31,12.7,15.95
12/12/2017,14.14,15.37,12.15,15.26
12/11/2017,13.67,14.48,12.16,14.15
12/8/2017,14.27,14.27,12.9,13.67
12/7/2017,15.08,15.08,13.92,14.27
12/6/2017,15,15.25,13.55,15.09
12/5/2017,14.85,15.33,13.54,15.01
12/4/2017,14.79,15.25,14.13,14.86
12/1/2017,13.55,15.02,12.62,14.8
11/30/2017,13.06,13.9,11.96,13.55
11/29/2017,13.14,13.28,12.25,13.06
11/28/2017,13.03,13.36,12.03,13.15
11/27/2017,13.51,13.9,11.52,13.03
11/24/2017,13.86,13.99,12.49,13.51
11/23/2017,14.03,14.46,12.82,13.87
11/22/2017,13.71,14.33,12.18,14.04
11/21/2017,13.43,13.92,11.01,13.72
11/20/2017,13.71,15.6,11.12,13.43
11/17/2017,13.46,13.86,11.63,13.71
11/16/2017,14.26,14.26,11.06,13.46
11/15/2017,14.16,14.57,11.58,14.27
11/14/2017,14.04,14.74,12.45,14.17
11/13/2017,13.47,14.38,11.16,14.05
11/10/2017,13.26,13.81,11.16,13.48
11/9/2017,13.61,13.71,11.08,13.27
11/8/2017,13.23,13.85,11.23,13.61
11/7/2017,13.02,13.68,11.67,13.24
11/6/2017,11.91,13.26,11.37,13.02
11/3/2017,12,12.3,11.07,11.91
11/2/2017,12.13,12.37,11.41,12.01
11/1/2017,12.44,12.44,11.79,12.14
10/31/2017,12.11,12.52,11.52,12.44
10/30/2017,11.47,12.26,11.47,12.11
10/27/2017,11.61,12.15,11.19,11.48
10/26/2017,11.76,12.64,11.28,11.62
10/25/2017,11.59,12.49,11.19,11.76
10/24/2017,12.32,12.47,11.36,11.59
10/23/2017,12.39,12.93,10.87,12.33
10/19/2017,11.54,12.81,10.82,12.4
10/18/2017,11.61,11.75,10.13,11.54
10/17/2017,11.31,11.73,10.1,11.61
10/16/2017,11.26,11.58,10.03,11.31
10/13/2017,11.04,11.34,10.08,11.26
10/12/2017,11.73,11.73,10.46,11.04
10/11/2017,11.11,12.18,10.19,11.73
10/10/2017,11.39,11.45,10.75,11.11
10/9/2017,11.12,11.57,10.41,11.39
10/6/2017,11.71,11.71,10.75,11.12
10/5/2017,11.8,11.9,10.59,11.71
10/4/2017,12.46,12.58,11.58,11.8
10/3/2017,12.49,12.87,11.44,12.46
9/29/2017,13.17,13.17,11.91,12.49
9/28/2017,13.86,13.97,12.82,13.17
9/27/2017,12.93,14.17,11.77,13.86
9/26/2017,13.34,13.63,12.63,12.93
9/25/2017,12.81,13.84,11.51,13.34
9/22/2017,11.63,12.99,11.01,12.81
9/21/2017,11.63,12.18,9.26,11.63
9/20/2017,11.47,11.88,10.12,11.63
9/19/2017,11.44,11.64,10.4,11.47
9/18/2017,11.68,11.68,10.84,11.44
9/15/2017,11.47,12.02,10.02,11.68
9/14/2017,11.76,11.88,10.36,11.47
9/13/2017,11.76,11.87,10.68,11.76
9/12/2017,12.36,12.36,11.52,11.76
9/11/2017,12.96,12.96,11.55,12.36
9/8/2017,13.01,13.1,11.77,12.96
9/7/2017,13.12,13.13,11.18,13.01
9/6/2017,12.89,13.5,12.04,13.12
9/5/2017,13.17,13.44,12.48,12.89
9/4/2017,11.68,13.96,11.49,13.17
9/1/2017,11.95,12.16,10.53,11.68
8/31/2017,12.89,13.7,11.79,11.95
8/30/2017,13.54,14.13,11.75,12.89
8/29/2017,12.64,13.85,12.28,13.54
8/28/2017,12.57,13.68,11.37,12.64
8/24/2017,13.18,13.2,11.94,12.57
8/23/2017,14.11,14.11,12.26,13.18
8/22/2017,14.82,14.82,11.16,14.11
8/21/2017,14.57,14.97,13.15,14.82
8/18/2017,14.34,14.89,11.17,14.57
8/17/2017,14.24,14.62,10.79,14.34
8/16/2017,14.38,14.7,12.62,14.24
8/14/2017,15.2,15.2,11.86,14.38
8/11/2017,13.8,15.54,11.67,15.2
8/10/2017,13.45,14.17,12.23,13.8
8/9/2017,12.77,13.68,10.52,13.45
8/8/2017,11.9,13.05,10.49,12.77
8/7/2017,11.39,12,10.64,11.9
8/4/2017,11.64,11.75,10.75,11.39
8/3/2017,11.94,12.23,11.21,11.64
8/2/2017,11.91,12.17,10.92,11.94
8/1/2017,11.9,12.39,11.59,11.91
7/31/2017,11.14,12.03,11.14,11.9
7/28/2017,11.22,12.02,10.98,11.14
7/27/2017,11.17,11.92,10.81,11.22
7/26/2017,10.91,11.78,10.91,11.17
7/25/2017,11.31,11.51,10.24,10.91
7/24/2017,11.09,11.8,10.36,11.31
7/21/2017,11.32,11.72,9.01,11.09
7/20/2017,11.26,11.57,10.37,11.32
7/19/2017,11.49,11.69,9.08,11.26
7/18/2017,11.46,11.79,10.29,11.49
7/17/2017,11.17,11.57,10.48,11.46
7/14/2017,11.25,11.48,10.07,11.17
7/13/2017,11.05,11.4,9.86,11.25
7/12/2017,10.89,11.3,9.67,11.05
7/11/2017,10.91,11.08,9.9,10.89
7/10/2017,10.87,11.09,9.57,10.91
7/7/2017,10.98,11.13,9.62,10.87
7/6/2017,11.15,11.18,10.29,10.98
7/5/2017,11.28,11.42,10.45,11.15
7/4/2017,11.2,11.65,10.42,11.28
7/3/2017,11.73,11.75,10.46,11.2
6/30/2017,11.38,12.1,11.08,11.73
6/29/2017,11.99,11.99,10.6,11.38
6/28/2017,12.51,12.76,11.09,11.99
6/27/2017,11.56,12.87,10.93,12.51
6/23/2017,11.21,11.78,8.76,11.56
6/22/2017,10.92,11.42,10.07,11.21
6/21/2017,10.66,11.06,9.78,10.92
6/20/2017,10.63,10.87,9.82,10.66
6/19/2017,10.92,10.92,9.74,10.63
6/16/2017,11.33,11.33,9.71,10.92
6/15/2017,11.18,11.43,9.89,11.33
6/14/2017,11.34,11.53,10.44,11.18
6/13/2017,11.42,11.46,9.9,11.34
6/12/2017,10.86,11.5,10.35,11.42
6/9/2017,11.07,11.23,10.28,10.86
6/8/2017,10.89,11.13,9.53,11.07
6/7/2017,11.13,11.19,10.22,10.89
6/6/2017,11.02,11.32,9.49,11.13
6/5/2017,10.81,11.14,10.05,11.02
6/2/2017,11.31,11.31,10.31,10.81
6/1/2017,11.76,11.91,10.61,11.31
5/31/2017,11.77,12.25,11.02,11.76
5/30/2017,11.79,12.27,10.86,11.77
5/29/2017,10.86,11.88,10.26,11.79
5/26/2017,10.45,11.19,9.89,10.86
5/25/2017,11.83,11.92,10.19,10.45
5/24/2017,12.2,12.79,10.45,11.83
5/23/2017,11.2,12.77,9.87,12.2
5/22/2017,11.3,11.85,10.2,11.2
5/19/2017,11.79,11.9,10.4,11.3
5/18/2017,10.64,12.75,9.82,11.79
5/17/2017,10.56,10.81,9.25,10.64
5/16/2017,10.68,11.02,9.07,10.56
5/15/2017,10.63,11.14,8.84,10.68
5/12/2017,10.84,10.84,9.47,10.63
5/11/2017,10.95,11.26,9.9,10.84
5/10/2017,11.11,11.11,9.96,10.95
5/9/2017,11.67,11.67,10.54,11.11
5/8/2017,11.99,11.99,10.61,11.67
5/5/2017,11.33,12.16,10.45,11.99
5/4/2017,11.53,11.78,10.61,11.33
5/3/2017,11.45,11.66,9.95,11.53
5/2/2017,10.86,11.81,10.35,11.45
4/28/2017,11.07,11.07,10.53,10.86
4/27/2017,11.74,11.74,10.36,11.07
4/26/2017,11.16,11.87,9.92,11.74
4/25/2017,11.63,11.63,10.97,11.16
4/24/2017,11.42,11.86,10.97,11.63
4/21/2017,11.56,11.74,10.56,11.42
4/20/2017,12.22,12.22,10.86,11.56
4/19/2017,12.38,12.52,10.75,12.22
4/18/2017,11.89,12.59,10.76,12.38
4/17/2017,11.58,12.21,10.69,11.89
4/13/2017,11.63,11.78,10.59,11.58
4/12/2017,11.4,12.07,10.79,11.63
4/11/2017,11.62,11.83,10.24,11.4
4/10/2017,11.69,11.92,11.24,11.62
4/7/2017,11.29,11.81,10.31,11.69
4/6/2017,11.55,11.77,11.03,11.29
4/5/2017,11.49,11.89,10.89,11.55
4/3/2017,12.42,12.76,11.41,11.49
3/31/2017,12.15,12.51,11.49,12.42
3/30/2017,12.09,12.45,11.75,12.15
3/29/2017,12.12,12.24,11.45,12.09
3/28/2017,12.44,12.44,11.46,12.12
3/27/2017,11.98,12.57,11.34,12.44
3/24/2017,11.84,12.1,10.71,11.98
3/23/2017,12.27,12.27,11.24,11.84
3/22/2017,11.94,12.36,11.58,12.27
3/21/2017,12.02,12.16,11.03,11.94
3/20/2017,11.85,12.31,11.44,12.02
3/17/2017,11.91,12.11,10.39,11.85
3/16/2017,12.42,12.42,11.34,11.91
3/15/2017,12.4,12.53,11.2,12.42
3/14/2017,13.96,13.96,11.09,12.4
3/10/2017,14.39,14.39,13.58,13.96
3/9/2017,14.08,14.78,12.6,14.39
3/8/2017,13.88,14.29,12.69,14.08
3/7/2017,13.64,14.01,13.09,13.88
3/6/2017,13.35,13.73,12.81,13.64
3/3/2017,13.36,13.6,12.57,13.35
3/2/2017,13.58,13.62,13.03,13.36
3/1/2017,13.79,13.8,13.21,13.58
2/28/2017,13.68,14.03,13.17,13.79
2/27/2017,13.4,14.27,13.4,13.68
2/23/2017,13.7,13.96,12.92,13.4
2/22/2017,13.53,14.04,12.72,13.7
2/21/2017,13.61,14.28,11.89,13.53
2/20/2017,13.43,13.85,12.41,13.61
2/17/2017,13.73,13.77,12.47,13.43
2/16/2017,14.21,14.21,11.44,13.73
2/15/2017,13.8,14.46,11.73,14.21
2/14/2017,13.69,14.01,12.1,13.8
2/13/2017,13.18,13.76,11.57,13.69
2/10/2017,13.24,13.33,11.37,13.18
2/9/2017,13.35,13.78,11.4,13.24
2/8/2017,13.51,13.76,11.44,13.35
2/7/2017,13.4,13.72,12.24,13.51
2/6/2017,13.13,13.61,11.06,13.4
2/3/2017,13.52,13.6,11.78,13.13
2/2/2017,13.97,13.97,12.64,13.52
2/1/2017,16.83,17.43,13.8,13.97
1/31/2017,16.67,17.09,15.71,16.83
1/30/2017,16.01,16.86,15.39,16.67
1/27/2017,15.17,16.13,14.93,16.01
1/25/2017,15.29,15.43,14.41,15.17
1/24/2017,15.91,15.96,14.39,15.29
1/23/2017,15.79,16.37,15.5,15.91
1/20/2017,15.02,15.87,13.85,15.79
1/19/2017,15.18,15.28,14.04,15.02
1/18/2017,15.39,15.39,13.61,15.18
1/17/2017,15.07,15.62,13.98,15.39
1/16/2017,14.38,15.25,13.43,15.07
1/13/2017,14.61,14.65,13.38,14.38
1/12/2017,14.81,14.87,13.46,14.61
1/11/2017,15.2,15.2,13.54,14.81
1/10/2017,15.48,15.48,14.03,15.2
1/9/2017,14.91,15.64,13.82,15.48
1/6/2017,15.05,15.09,13.92,14.91
1/5/2017,15.89,15.89,14.45,15.05
1/4/2017,15.96,16.1,14.9,15.89
1/3/2017,15.83,16.42,14.9,15.96
1/2/2017,15.47,16.38,14.64,15.83
12/30/2016,15.28,15.58,14.53,15.47
12/29/2016,15.54,16.08,14.66,15.28
12/28/2016,15.08,15.63,14.26,15.54
12/27/2016,16.6,16.76,14.95,15.08
12/26/2016,15.13,16.91,13.44,16.6
12/23/2016,15.55,15.78,12.61,15.13
12/22/2016,14.71,15.7,12.76,15.55
12/21/2016,14.54,14.86,13.34,14.71
12/20/2016,14.84,14.93,13.4,14.54
12/19/2016,15.25,15.59,13.25,14.84
12/16/2016,15.66,15.66,13.45,15.25
12/15/2016,16.59,16.59,15.26,15.66
12/14/2016,15.92,16.67,14.43,16.59
12/13/2016,16.19,16.48,13.76,15.92
12/12/2016,15.07,16.31,14.22,16.19
12/9/2016,15.53,15.64,14.53,15.07
12/8/2016,16.85,16.85,14.16,15.53
12/7/2016,17.11,17.11,15.51,16.85
12/6/2016,17.29,17.36,14.96,17.11
12/5/2016,17.93,18.3,16.92,17.29
12/2/2016,16.69,18.19,15.83,17.93
12/1/2016,16.85,16.89,14.34,16.69
11/30/2016,17.71,17.99,16.04,16.85
11/29/2016,18.06,18.22,16.52,17.71
11/28/2016,17.61,18.61,16.82,18.06
11/25/2016,17.16,18.87,16.87,17.61
11/24/2016,18.04,18.58,16.64,17.16
11/23/2016,18.47,23.09,16.34,18.04
11/22/2016,19.1,20.13,17.95,18.47
11/21/2016,17.81,19.77,15.72,19.1
11/18/2016,18.71,18.71,15.86,17.81
11/17/2016,19.5,19.5,17.44,18.71
11/16/2016,20.15,20.19,16.9,19.5
11/15/2016,17.37,20.84,16.46,20.15
11/11/2016,15.46,17.71,14.17,17.37
11/10/2016,16.62,16.62,14.24,15.46
11/9/2016,16.77,22.79,15.84,16.62
11/8/2016,16.51,17.38,15.07,16.77
11/7/2016,16.85,16.85,14.94,16.51
11/4/2016,16.47,17.43,14.6,16.85
11/3/2016,16.8,16.8,15.49,16.47
11/2/2016,15.74,17.26,15.12,16.8
11/1/2016,15.49,15.89,14.31,15.74
10/30/2016,14.65,15.62,14.47,15.49
10/28/2016,14.09,14.88,13.48,14.65
10/27/2016,14.45,14.82,12.75,14.09
10/26/2016,14.48,14.94,13.6,14.45
10/25/2016,14.33,14.81,12.84,14.48
10/24/2016,13.83,14.45,13.1,14.33
10/21/2016,14.17,14.35,12.43,13.83
10/20/2016,14.61,14.61,12.75,14.17
10/19/2016,14.54,14.95,13.15,14.61
10/18/2016,15.66,15.66,14.3,14.54
10/17/2016,14.89,16.05,14.35,15.66
10/14/2016,15.43,15.43,14.33,14.89
10/13/2016,14.29,16.01,14.29,15.43
10/10/2016,14.49,14.57,13.27,14.29
10/7/2016,14.84,14.97,13.78,14.49
10/6/2016,14.93,15.12,14.33,14.84
10/5/2016,14.99,15.15,13.91,14.93
10/4/2016,15.62,15.72,14.81,14.99
10/3/2016,17.18,17.18,15.51,15.62
9/30/2016,18.45,18.85,16.83,17.18
9/29/2016,13.85,19.13,13.15,18.45
9/28/2016,14.25,14.35,13.49,13.85
9/27/2016,14.57,14.57,13.77,14.25
9/26/2016,13.25,14.79,12.81,14.57
9/23/2016,13.34,13.59,12.03,13.25
9/22/2016,14.81,14.81,12.59,13.34
9/21/2016,14.78,14.95,13.17,14.81
9/20/2016,14.94,15.15,13.77,14.78
9/19/2016,14.58,15.2,13.64,14.94
9/16/2016,14.68,14.95,13.43,14.58
9/15/2016,14.76,15.08,13.44,14.68
9/14/2016,15.24,15.52,14.2,14.76
9/12/2016,13.23,15.34,12.7,15.24
9/9/2016,13.12,13.45,12.64,13.23
9/8/2016,13.15,13.23,12.05,13.12
9/7/2016,12.75,13.36,11.95,13.15
9/6/2016,12.94,13.18,12.35,12.75
9/2/2016,13.34,13.45,12.64,12.94
9/1/2016,13.24,13.68,12.54,13.34
8/31/2016,13.02,13.54,12.25,13.24
8/30/2016,13.17,13.17,12.29,13.02
8/29/2016,13.57,14.01,12.94,13.17
8/26/2016,13.29,14.21,12.35,13.57
8/25/2016,13.49,13.61,10.93,13.29
8/24/2016,13.9,14.04,12.39,13.49
8/23/2016,14.24,14.62,13.06,13.9
8/22/2016,14.54,15.01,13.27,14.24
8/19/2016,14.55,14.91,12.11,14.54
8/18/2016,14.78,14.78,12.91,14.55
8/17/2016,14.18,14.91,12.71,14.78
8/16/2016,13.77,14.64,13.14,14.18
8/12/2016,14.21,14.21,12.37,13.77
8/11/2016,14.92,14.92,13.17,14.21
8/10/2016,14.54,15.25,12.71,14.92
8/9/2016,14.59,14.96,12.35,14.54
8/8/2016,14.35,14.82,13.11,14.59
8/5/2016,15.14,15.14,13.62,14.35
8/4/2016,16.24,16.24,14.1,15.14
8/3/2016,15.69,16.45,14.3,16.24
8/2/2016,15.18,15.79,13.96,15.69
8/1/2016,14.92,15.48,14.36,15.18
7/29/2016,15.15,15.23,14.15,14.92
7/28/2016,15.43,15.54,12.59,15.15
7/27/2016,15.62,15.67,14.47,15.43
7/26/2016,15.72,16.15,13.95,15.62
7/25/2016,15.5,16.11,13.52,15.72
7/22/2016,15.71,15.96,14.44,15.5
7/21/2016,15.99,16.11,14.03,15.71
7/20/2016,15.8,16.21,14.14,15.99
7/19/2016,15.99,16.23,13.92,15.8
7/18/2016,15.64,16.2,14.11,15.99
7/15/2016,15.61,16.32,13.92,15.64
7/14/2016,15.33,15.92,14.16,15.61
7/13/2016,14.78,15.41,13.87,15.33
7/12/2016,14.85,15.03,13.82,14.78
7/11/2016,15.08,15.08,13.76,14.85
7/8/2016,15.31,15.81,13.91,15.08
7/7/2016,15.36,15.58,14.29,15.31
7/5/2016,15.58,15.7,14.83,15.36
7/4/2016,15.74,15.97,15.15,15.58
7/1/2016,16.29,16.36,15.65,15.74
6/30/2016,16.16,16.41,14.66,16.29
6/29/2016,17.73,17.73,15.91,16.16
6/28/2016,18.53,18.81,17.45,17.73
6/27/2016,18.63,19.73,18.38,18.53
6/24/2016,18.02,21.05,16.15,18.63
6/23/2016,18.19,18.83,16.99,18.02
6/22/2016,17.26,18.31,16.22,18.19
6/21/2016,17.52,17.71,16.39,17.26
6/20/2016,17.35,18.45,16.29,17.52
6/17/2016,17.7,17.9,16.04,17.35
6/16/2016,17.06,18.46,15.78,17.7
6/15/2016,17.19,17.63,15.42,17.06
6/14/2016,16.58,17.54,14.91,17.19
6/13/2016,15.97,17.08,15.66,16.58
6/10/2016,15.67,16.27,14.55,15.97
6/9/2016,15.14,15.83,13.98,15.67
6/8/2016,14.87,15.29,13.32,15.14
6/7/2016,15.36,15.36,14.4,14.87
6/6/2016,15,15.54,14.12,15.36
6/3/2016,15.09,15.39,14.05,15
6/2/2016,15.84,15.94,14.96,15.09
6/1/2016,16.05,16.1,14.72,15.84
5/31/2016,15.98,16.36,14.3,16.05
5/30/2016,15.26,16.44,14.77,15.98
5/27/2016,15.33,15.86,14.94,15.26
5/26/2016,15.52,15.52,14.47,15.33
5/25/2016,16.22,16.22,14.55,15.52
5/24/2016,16.16,16.89,15.69,16.22
5/23/2016,16.43,16.55,15.18,16.16
5/20/2016,17.06,17.06,14.98,16.43
5/19/2016,16.46,17.42,15.42,17.06
5/18/2016,16.37,16.97,15.99,16.46
5/17/2016,17.03,17.03,15.74,16.37
5/16/2016,17,17.77,16.17,17.03
5/13/2016,16.33,17.37,14.2,17
5/12/2016,16.96,17.17,15.96,16.33
5/11/2016,16.42,17.46,15.54,16.96
5/10/2016,16.61,17.19,15.02,16.42
5/9/2016,16.95,16.95,15.22,16.61
5/6/2016,17.17,17.5,16.06,16.95
5/5/2016,17.45,17.48,15.73,17.17
5/4/2016,17.46,17.78,16.27,17.45
5/3/2016,17.09,18.08,15.61,17.46
5/2/2016,16.54,17.66,16.54,17.09
4/29/2016,16.6,17.24,15.63,16.54
4/28/2016,16.35,16.77,15.31,16.6
4/27/2016,16.58,16.79,16.23,16.35
4/26/2016,16.57,16.82,15.64,16.58
4/25/2016,16.38,17.03,16.13,16.57
4/22/2016,16.51,16.86,15.34,16.38
4/21/2016,17.08,17.08,15.64,16.51
4/20/2016,16.95,17.52,15.43,17.08
4/18/2016,16.04,17.42,14.14,16.95
4/13/2016,16.03,16.12,13.55,16.04
4/12/2016,16.01,16.3,14.65,16.03
4/11/2016,16.43,16.79,14.88,16.01
4/8/2016,16.94,16.94,15.2,16.43
4/7/2016,17.35,17.42,16.34,16.94
4/6/2016,17.83,17.92,16.13,17.35
4/5/2016,17.45,18.06,16.89,17.83
4/4/2016,17.28,18.17,16.23,17.45
4/1/2016,16.58,17.9,16.29,17.28
3/31/2016,16.81,16.89,15.5,16.58
3/30/2016,17.64,17.64,16.57,16.81
3/29/2016,17.49,18.04,16.81,17.64
3/28/2016,16.35,18.57,15.18,17.49
3/23/2016,16.43,16.87,13.95,16.35
3/22/2016,16.33,16.86,13.7,16.43
3/21/2016,16.38,17.11,14.83,16.33
3/18/2016,16.84,16.87,14.9,16.38
3/17/2016,17.12,17.28,15.56,16.84
3/16/2016,17.6,17.88,14.6,17.12
3/15/2016,17.1,17.84,15.23,17.6
3/14/2016,17.1,17.4,15.59,17.1
3/11/2016,17.9,17.9,16.03,17.1
3/10/2016,17.51,18.24,16.27,17.9
3/9/2016,18.47,18.68,17.32,17.51
3/8/2016,17.88,18.98,17.41,18.47
3/4/2016,18.04,18.32,17.2,17.88
3/3/2016,18.99,19.02,17.91,18.04
3/2/2016,18.67,19.2,17.5,18.99
3/1/2016,20.16,20.16,18.4,18.67
2/29/2016,21.87,22.41,19.36,20.16
2/26/2016,22.75,23.15,21.19,21.87
2/25/2016,22.96,23.49,22.2,22.75
2/24/2016,23.84,24.82,22.13,22.96
2/23/2016,21.02,24.64,21.02,23.84
2/22/2016,20.92,21.86,17.41,21.02
2/19/2016,21.49,21.66,17.7,20.92
2/18/2016,21.83,22.3,19.79,21.49
2/17/2016,23.04,23.81,20.64,21.83
2/16/2016,22.38,23.33,17.32,23.04
2/15/2016,24.67,24.67,21.8,22.38
2/12/2016,25.97,25.97,24.01,24.67
2/11/2016,22.47,26.87,22.11,25.97
2/10/2016,21.73,23.1,21.44,22.47
2/9/2016,20.26,22.03,20.25,21.73
2/8/2016,18.12,20.45,17.36,20.26
2/5/2016,18.21,18.33,16.54,18.12
2/4/2016,18.59,18.65,17.33,18.21
2/3/2016,18.04,18.94,18.02,18.59
2/2/2016,17.89,18.35,16.49,18.04
2/1/2016,17.24,18.17,17.13,17.89
1/29/2016,17.9,18.8,17.08,17.24
1/28/2016,19.06,19.06,17.26,17.9
1/27/2016,18.27,19.27,17.94,19.06
1/25/2016,18.82,19.15,17.21,18.27
1/22/2016,20.81,20.81,17.12,18.82
1/21/2016,20.97,21.69,17.85,20.81
1/20/2016,18.43,22.11,17.19,20.97
1/19/2016,20.23,20.23,17.93,18.43
1/18/2016,19.42,20.54,18.1,20.23
1/15/2016,18.61,19.69,15.67,19.42
1/14/2016,18.35,19.79,16.47,18.61
1/13/2016,18.71,19.66,17.52,18.35
1/12/2016,18.69,19.19,17.15,18.71
1/11/2016,17.8,19.2,17.8,18.69
1/8/2016,18.96,18.96,16.87,17.8
1/7/2016,16.55,19.26,16.49,18.96
1/6/2016,16.7,17.16,15.61,16.55
1/5/2016,16.84,16.84,15.57,16.7
1/4/2016,14.26,17.1,14.03,16.84
1/1/2016,13.87,14.35,13.11,14.26
12/31/2015,14.35,14.49,12.98,13.87
12/30/2015,14.24,14.5,12.78,14.35
12/29/2015,14.4,14.71,13.33,14.24
12/28/2015,13.75,14.53,10.38,14.4
12/24/2015,13.65,13.94,11.2,13.75
12/23/2015,14.48,14.48,12.63,13.65
12/22/2015,14.23,14.61,12.23,14.48
12/21/2015,14.49,14.98,12.98,14.23
12/18/2015,14.22,14.71,13.04,14.49
12/17/2015,16.73,16.73,14.02,14.22
12/16/2015,17.34,17.34,14.91,16.73
12/15/2015,17.8,18.36,16.11,17.34
12/14/2015,17.18,18.37,16.46,17.8
12/11/2015,16.29,17.77,15.04,17.18
12/10/2015,16.73,16.73,15.46,16.29
12/9/2015,15.97,16.92,15.37,16.73
12/8/2015,15.87,16.24,15.47,15.97
12/7/2015,16.09,16.36,15.79,15.87
12/4/2015,16.06,16.55,15.56,16.09
12/3/2015,15.49,16.16,15.12,16.06
12/2/2015,15.64,15.98,14.73,15.49
12/1/2015,16.43,16.43,15.53,15.64
11/30/2015,16.73,17.24,15.85,16.43
11/27/2015,16.69,16.98,16.17,16.73
11/26/2015,16.25,16.79,15.09,16.69
11/24/2015,17.08,17.08,15.65,16.25
11/23/2015,15.9,17.56,15.78,17.08
11/20/2015,15.84,16.14,13.83,15.9
11/19/2015,17.42,17.42,14.42,15.84
11/18/2015,16.97,17.75,14.9,17.42
11/17/2015,17.88,17.88,15.62,16.97
11/16/2015,17.65,18.61,15.29,17.88
11/13/2015,16.91,17.72,15.8,17.65
11/11/2015,16.83,16.95,14.53,16.91
11/10/2015,17.04,17.06,15.3,16.83
11/9/2015,19.47,19.47,15.99,17.04
11/6/2015,19.29,19.59,16.62,19.47
11/5/2015,19.36,19.74,18.34,19.29
11/4/2015,19.56,19.63,17.95,19.36
11/3/2015,19.48,19.96,18.07,19.56
11/2/2015,17.88,20.13,17.38,19.48
10/30/2015,17.58,18.33,16.88,17.88
10/29/2015,17.04,17.95,14.72,17.58
10/28/2015,16.54,17.48,15.56,17.04
10/27/2015,17.23,17.3,16,16.54
10/26/2015,16.19,17.82,15.01,17.23
10/23/2015,16.62,16.62,14.65,16.19
10/21/2015,17,17.43,13.66,16.62
10/20/2015,16.88,17.18,14.53,17
10/19/2015,16.28,17.07,15.3,16.88
10/16/2015,17.17,17.18,14.03,16.28
10/15/2015,17.72,17.72,14.86,17.17
10/14/2015,18.02,18.28,15.76,17.72
10/13/2015,19.12,19.22,17.85,18.02
10/12/2015,18.93,19.99,17.19,19.12
10/9/2015,19.56,19.69,17.69,18.93
10/8/2015,19.34,19.93,17.35,19.56
10/7/2015,19.31,19.74,17.9,19.34
10/6/2015,19.13,19.9,17.39,19.31
10/5/2015,19.24,19.46,18.06,19.13
10/1/2015,19.63,20.11,18.24,19.24
9/30/2015,21.57,21.57,19.37,19.63
9/29/2015,21.67,23.63,20.44,21.57
9/28/2015,20.88,22.24,20.77,21.67
9/24/2015,20.69,21.57,19.38,20.88
9/23/2015,20.35,22.19,19.77,20.69
9/22/2015,18.18,21.25,17.21,20.35
9/21/2015,18.29,18.92,16.99,18.18
9/18/2015,22,22,17.88,18.29
9/16/2015,23.74,23.74,21.6,22
9/15/2015,24.32,24.56,22.7,23.74
9/14/2015,24.98,25.27,23.46,24.32
9/11/2015,24.75,25.26,23.26,24.98
9/10/2015,24.3,25.84,24.02,24.75
9/9/2015,24.57,24.66,21.35,24.3
9/8/2015,26.35,26.44,23.84,24.57
9/7/2015,26.42,26.83,24.51,26.35
9/4/2015,24.12,27.25,23.42,26.42
9/3/2015,26.65,26.65,23.72,24.12
9/2/2015,28.72,28.72,26.38,26.65
9/1/2015,24.6,30.44,24.44,28.72
8/31/2015,23.33,24.74,22.68,24.6
8/28/2015,22.04,23.67,19.8,23.33
8/27/2015,25.52,25.52,21.52,22.04
8/26/2015,26.85,29.05,23.53,25.52
8/25/2015,28.13,35.57,26.08,26.85
8/24/2015,17.12,30.65,17.12,28.13
8/21/2015,16.98,18.73,15.19,17.12
8/20/2015,16.68,17.21,15.47,16.98
8/19/2015,16.36,16.99,14.95,16.68
8/18/2015,16.46,16.66,15.1,16.36
8/17/2015,16.02,17.2,15.29,16.46
8/14/2015,17.02,17.02,15.14,16.02
8/13/2015,17.45,17.45,16.25,17.02
8/12/2015,15.89,17.72,14.79,17.45
8/11/2015,15.47,16.09,13.55,15.89
8/10/2015,14.91,15.62,14.24,15.47
8/7/2015,14.73,15.07,13.17,14.91
8/6/2015,14.67,15.01,12.89,14.73
8/5/2015,14.83,14.88,13.69,14.67
8/4/2015,15.39,15.7,14.28,14.83
8/3/2015,14.57,15.65,14.28,15.39
7/31/2015,15.33,15.58,14.5,14.57
7/30/2015,15.88,15.88,14.66,15.33
7/29/2015,15.92,16.34,14.13,15.88
7/28/2015,16.37,16.57,15.59,15.92
7/27/2015,15.46,17.05,12.93,16.37
7/24/2015,15.52,15.93,12.07,15.46
7/23/2015,15.13,15.74,13.1,15.52
7/22/2015,15.1,15.35,13.5,15.13
7/21/2015,14.96,15.31,13.01,15.1
7/20/2015,14.8,15.62,12.73,14.96
7/17/2015,14.78,15.14,13.29,14.8
7/16/2015,15.57,15.57,14.3,14.78
7/15/2015,16.01,16.03,14.19,15.57
7/14/2015,16.27,16.62,14.7,16.01
7/13/2015,17.07,17.72,15.57,16.27
7/10/2015,17.44,17.63,16.24,17.07
7/9/2015,17.79,18.08,16.29,17.44
7/8/2015,16.31,18.38,15.44,17.79
7/7/2015,16.02,16.57,15.22,16.31
7/6/2015,16.31,17.05,15.89,16.02
7/3/2015,15.56,16.39,14.79,16.31
7/2/2015,15.85,16.08,15.16,15.56
7/1/2015,16.93,17.1,15.72,15.85
6/30/2015,17.3,17.84,16.78,16.93
6/29/2015,15.76,18.78,15.76,17.3
6/26/2015,15.93,16.53,15.52,15.76
6/25/2015,15.92,16.71,15.48,15.93
6/24/2015,15.04,16.61,14.95,15.92
6/23/2015,15.49,16.54,14.83,15.04
6/22/2015,15.09,15.75,13.74,15.49
6/19/2015,16.02,16.02,14.91,15.09
6/18/2015,16.73,16.73,14.24,16.02
6/17/2015,17.17,17.19,14.3,16.73
6/16/2015,17.53,17.86,14.09,17.17
6/15/2015,17.48,18.02,15.35,17.53
6/12/2015,17.81,18.21,16.08,17.48
6/11/2015,17.08,17.95,15.95,17.81
6/10/2015,18.01,18.02,16.71,17.08
6/9/2015,18.89,19.12,16.48,18.01
6/8/2015,18.09,19.07,17.16,18.89
6/5/2015,18.12,18.38,17.69,18.09
6/4/2015,16.82,18.67,16.47,18.12
6/3/2015,16.82,17.92,15.86,17.51
6/2/2015,16.91,17.14,16.03,16.82
6/1/2015,16.66,17.46,16.06,16.91
5/29/2015,17.13,17.71,16.44,16.66
5/28/2015,17.28,17.72,16.6,17.13
5/27/2015,17.07,17.97,16.91,17.28
5/26/2015,16.93,17.84,15.29,17.07
5/25/2015,16.95,17.7,14.68,16.93
5/22/2015,17.41,17.44,14.2,16.95
5/21/2015,17.72,18.06,16.14,17.41
5/20/2015,18.27,18.27,15.57,17.72
5/19/2015,17.9,18.53,14.87,18.27
5/18/2015,19.82,20.47,16.77,17.9
5/15/2015,20.7,20.98,19.1,19.82
5/14/2015,20.69,21.91,19.82,20.7
5/13/2015,20.55,21.43,18.1,20.69
5/12/2015,18.63,21.33,17.22,20.55
5/11/2015,19.11,19.28,16.77,18.63
5/8/2015,19.65,19.65,17.44,19.11
5/7/2015,19.67,20.03,18.34,19.65
5/6/2015,17.37,20.46,16.71,19.67
5/5/2015,17.31,18.07,16.27,17.37
5/4/2015,17.23,18.28,16.96,17.31
4/30/2015,17.24,18.12,16.31,17.23
4/29/2015,17.41,17.89,15.73,17.24
4/28/2015,18.74,18.9,16.75,17.41
4/27/2015,19.11,20.09,16.22,18.74
4/24/2015,18.5,19.59,17.36,19.11
4/23/2015,17.21,19.44,14.97,18.5
4/22/2015,17.03,18.38,14.69,17.21
4/21/2015,16.3,17.34,15.23,17.03
4/20/2015,15.04,16.42,13.66,16.3
4/17/2015,14.95,15.18,13.62,15.04
4/16/2015,14.62,15.3,12.97,14.95
4/15/2015,14.49,14.99,13.34,14.62
4/13/2015,14.26,14.93,13.06,14.49
4/10/2015,14.42,14.79,13.43,14.26
4/9/2015,14.35,14.89,13.29,14.42
4/8/2015,14.25,14.7,13.35,14.35
4/7/2015,14.57,14.9,13.98,14.25
4/6/2015,13.67,15.05,13.6,14.57
4/1/2015,14.49,14.68,13.57,13.67
3/31/2015,14.26,14.74,13.86,14.49
3/30/2015,14.5,15.19,14.11,14.26
3/27/2015,15.16,15.4,14.37,14.5
3/26/2015,13.14,15.61,12.52,15.16
3/25/2015,13.67,13.95,12.36,13.14
3/24/2015,14.27,14.49,12.45,13.67
3/23/2015,14.26,14.58,12.44,14.27
3/20/2015,15.2,15.36,13.08,14.26
3/19/2015,15.51,15.51,12.89,15.2
3/18/2015,15.13,15.7,13.72,15.51
3/17/2015,15.18,15.46,13.43,15.13
3/16/2015,14.97,15.37,14.33,15.18
3/13/2015,14.75,15.24,13.45,14.97
3/12/2015,15.13,15.13,13.78,14.75
3/11/2015,15.53,15.61,14.25,15.13
3/10/2015,15.81,16.15,14.96,15.53
3/9/2015,14.44,16.01,13.32,15.81
3/5/2015,15.2,15.25,13.97,14.44
3/4/2015,15.49,15.49,14.3,15.2
3/3/2015,15.85,15.95,14.98,15.49
3/2/2015,16.97,16.97,15.74,15.85
2/28/2015,19.57,19.57,16.69,16.97
2/27/2015,20.58,20.58,19.3,19.57
2/26/2015,20.78,21.24,19.94,20.58
2/25/2015,21.55,21.55,20.22,20.78
2/24/2015,21.63,22.07,20.92,21.55
2/23/2015,21.27,22.02,19.41,21.63
2/20/2015,20.4,21.5,19.24,21.27
2/19/2015,20.91,21.91,19.4,20.4
2/18/2015,20.83,21.65,18.65,20.91
2/16/2015,20.1,21.12,17.48,20.83
2/13/2015,20.16,20.45,16.98,20.1
2/12/2015,20.5,20.96,17.93,20.16
2/11/2015,21.19,21.51,18.54,20.5
2/10/2015,22.02,22.02,19.85,21.19
2/9/2015,20.69,22.12,18.59,22.02
2/6/2015,20.62,21.24,18.72,20.69
2/5/2015,20.05,20.89,18.26,20.62
2/4/2015,19.81,20.29,17.97,20.05
2/3/2015,20.41,20.48,19,19.81
2/2/2015,20.17,21.37,19.86,20.41
1/30/2015,19.43,21.21,18.33,20.17
1/29/2015,19.77,20.57,17.7,19.43
1/28/2015,18.09,20.15,17.62,19.77
1/27/2015,17.89,18.69,16.78,18.09
1/23/2015,18.57,18.74,13.46,17.89
1/22/2015,17.71,18.76,14.21,18.57
1/21/2015,17.27,18.14,14.33,17.71
1/20/2015,17.65,17.65,15.72,17.27
1/19/2015,17.28,18.29,14.56,17.65
1/16/2015,16.16,17.5,14.86,17.28
1/15/2015,17.25,17.25,13.83,16.16
1/14/2015,16.48,17.8,14.66,17.25
1/13/2015,16.11,16.81,14.57,16.48
1/12/2015,15.96,17.55,14.37,16.11
1/9/2015,16.47,16.91,14.46,15.96
1/8/2015,18.14,18.14,15.38,16.47
1/7/2015,17.42,19.07,16.5,18.14
1/6/2015,14.15,17.87,13.46,17.42
1/5/2015,13.8,14.41,13.15,14.15
1/2/2015,15.03,15.03,13.48,13.8
1/1/2015,15.12,15.51,14.76,15.03
12/31/2014,14.86,15.4,14.6,15.12
12/30/2014,14.58,15.22,14.14,14.86
12/29/2014,14.65,15.04,14.22,14.58
12/26/2014,15.07,16.36,14.4,14.65
12/24/2014,15.3,15.61,14.3,15.07
12/23/2014,14.21,16.12,13.55,15.3
12/22/2014,14.51,15.58,14.02,14.21
12/19/2014,14.6,14.78,11.85,14.51
12/18/2014,16.93,16.93,13.97,14.6
12/17/2014,16.31,19.06,14.2,16.93
12/16/2014,14.02,16.56,12.57,16.31
12/15/2014,13.75,14.33,12.57,14.02
12/12/2014,12.77,13.91,11.53,13.75
12/11/2014,12.24,12.9,11.19,12.77
12/10/2014,12.5,12.97,11.57,12.24
12/9/2014,12.21,13.08,10.82,12.5
12/8/2014,11.95,12.65,11.23,12.21
12/5/2014,12.45,12.45,11.33,11.95
12/4/2014,12.37,12.64,10.72,12.45
12/3/2014,12.4,12.61,11.29,12.37
12/2/2014,13.2,13.33,12.21,12.4
12/1/2014,12.9,13.62,12.2,13.2
11/28/2014,12.74,13.13,11.6,12.9
11/27/2014,12.99,13.12,11.65,12.74
11/26/2014,13.53,13.54,10.61,12.99
11/25/2014,13.02,14.25,11.45,13.53
11/24/2014,13.85,13.85,9.35,13.02
11/21/2014,14.17,15.15,11.05,13.85
11/20/2014,14.35,14.36,11.91,14.17
11/19/2014,14.07,14.63,10.25,14.35
11/18/2014,14.41,14.91,10.84,14.07
11/17/2014,13.97,14.91,11.48,14.41
11/14/2014,13.8,14.2,11.38,13.97
11/13/2014,14.44,14.44,12.71,13.8
11/12/2014,14.8,14.8,12.59,14.44
11/11/2014,13.93,15.49,12.72,14.8
11/10/2014,14.11,17.21,12.98,13.93
11/7/2014,13.76,14.7,13.12,14.11
11/5/2014,13.74,14.32,12.49,13.76
11/3/2014,13.3,13.95,12.46,13.74
10/31/2014,13.27,13.76,12.22,13.3
10/30/2014,13.01,13.46,11.76,13.27
10/29/2014,13.32,13.6,12.54,13.01
10/28/2014,13.52,13.66,12.04,13.32
10/27/2014,12.86,13.8,11.92,13.52
10/23/2014,13.03,13.12,11.85,12.86
10/22/2014,13.33,13.33,12.04,13.03
10/21/2014,14.19,14.19,11.98,13.33
10/20/2014,16.4,16.4,12.94,14.19
10/17/2014,16.43,16.86,14.74,16.4
10/16/2014,14.59,16.89,14.32,16.43
10/14/2014,14.5,15.3,12.93,14.59
10/13/2014,14.33,15.23,14.07,14.5
10/10/2014,13.16,14.46,12.45,14.33
10/9/2014,14.11,14.11,12.75,13.16
10/8/2014,14.46,14.85,13.68,14.11
10/7/2014,13,14.57,13,14.46
10/1/2014,13.15,13.48,12.83,13
9/30/2014,13.39,13.57,12.72,13.15
9/29/2014,12.93,14.23,12.77,13.39
9/26/2014,13.3,14.83,12.54,12.93
9/25/2014,12.54,13.88,11.58,13.3
9/24/2014,12.41,13.52,11.89,12.54
9/23/2014,11.57,12.87,11.08,12.41
9/22/2014,11.89,12.44,10.32,11.57
9/19/2014,12.33,12.4,11.38,11.89
9/18/2014,12.95,12.95,11.05,12.33
9/17/2014,13.28,13.28,11.26,12.95
9/16/2014,13.26,13.73,12.05,13.28
9/15/2014,12.37,13.36,12.04,13.26
9/12/2014,12.52,12.62,11.4,12.37
9/11/2014,12.93,13.14,11.82,12.52
9/10/2014,12.76,13.11,11.81,12.93
9/9/2014,12.79,13.04,11.01,12.76
9/8/2014,12.94,13.07,12.18,12.79
9/5/2014,13.08,13.31,12.31,12.94
9/4/2014,13.39,13.62,12.4,13.08
9/3/2014,13.45,13.95,12.57,13.39
9/2/2014,13.53,13.91,12.49,13.45
9/1/2014,13.07,13.68,12.86,13.53
8/28/2014,13.06,14.35,12.33,13.07
8/27/2014,13.9,13.9,12.74,13.06
8/26/2014,13.79,14.52,13.28,13.9
8/25/2014,13.62,14.17,12.01,13.79
8/22/2014,13.73,13.97,12.2,13.62
8/21/2014,13.66,14.36,12.01,13.73
8/20/2014,13.91,14.33,12.46,13.66
8/19/2014,13.5,14.21,11.95,13.91
8/18/2014,13.22,14.2,11.98,13.5
8/14/2014,13.76,13.76,11.84,13.22
8/13/2014,13.47,14.09,12.72,13.76
8/12/2014,14,14.43,12.33,13.47
8/11/2014,14.62,14.76,13.48,14
8/8/2014,14.14,15.18,13.03,14.62
8/7/2014,14.3,14.46,13.02,14.14
8/6/2014,13.95,14.57,12.92,14.3
8/5/2014,14.82,14.82,13.67,13.95
8/4/2014,15.22,15.47,14.31,14.82
8/1/2014,13.82,15.38,13.71,15.22
7/31/2014,13.89,14.07,13.13,13.82
7/30/2014,14.32,14.76,13.69,13.89
7/28/2014,14.22,15.1,14.11,14.32
7/25/2014,14.72,15,12.78,14.22
7/24/2014,14.69,15.15,12.44,14.72
7/23/2014,14.64,15.1,12.47,14.69
7/22/2014,14.9,14.9,12.25,14.64
7/21/2014,15.1,15.51,13.63,14.9
7/18/2014,14.97,15.53,12.98,15.1
7/17/2014,14.73,15.18,11.94,14.97
7/16/2014,14.77,15.08,13.82,14.73
7/15/2014,15.56,15.56,13.84,14.77
7/14/2014,15.72,16.71,14.98,15.56
7/11/2014,15.97,16.02,14.85,15.72
7/10/2014,18.19,18.19,15.41,15.97
7/9/2014,19.18,19.31,18.01,18.19
7/8/2014,19.41,19.95,18.16,19.18
7/7/2014,18.16,19.58,17.55,19.41
7/4/2014,17.81,18.69,17.06,18.16
7/3/2014,17.57,18.26,17.23,17.81
7/2/2014,17.66,17.79,17.09,17.57
7/1/2014,17.87,18.15,17.24,17.66
6/30/2014,17.63,18.45,17.59,17.87
6/27/2014,17.7,18.37,17.38,17.63
6/26/2014,18.31,18.5,17.1,17.7
6/25/2014,19.19,20.12,18.11,18.31
6/24/2014,18.96,20.61,18.68,19.19
6/23/2014,18.85,19.54,17.82,18.96
6/20/2014,18.74,19.25,15.59,18.85
6/19/2014,18.58,19.38,16.96,18.74
6/18/2014,17.7,19.14,14.55,18.58
6/17/2014,17.98,18.48,16.61,17.7
6/16/2014,17.76,18.54,15.26,17.98
6/13/2014,16.9,17.96,14.52,17.76
6/12/2014,17.06,17.48,15.69,16.9
6/11/2014,16.66,17.5,14,17.06
6/10/2014,17.1,18.13,14.39,16.66
6/9/2014,15.98,17.42,14.63,17.1
6/6/2014,15.45,16.46,13.74,15.98
6/5/2014,15.57,16.04,14.13,15.45
6/4/2014,15.8,15.92,14.44,15.57
6/3/2014,16.5,16.9,15.16,15.8
6/2/2014,16.34,17.1,15.71,16.5
5/30/2014,16.69,16.95,15.87,16.34
5/29/2014,17.56,17.78,16.17,16.69
5/28/2014,19.1,19.56,17.34,17.56
5/27/2014,19.84,21.42,17.78,19.1
5/26/2014,17.71,20.6,14.59,19.84
5/23/2014,17.84,18.1,13.97,17.71
5/22/2014,17.91,18.68,14.76,17.84
5/21/2014,19.23,19.23,14.56,17.91
5/20/2014,20.63,21.13,16.17,19.23
5/19/2014,24.29,24.29,19.62,20.63
5/16/2014,36.77,36.77,21.74,24.29
5/15/2014,32.42,37.48,31.14,36.77
5/14/2014,32.05,33,28.61,32.42
5/13/2014,37.11,37.11,28.25,32.05
5/12/2014,37.71,39.3,33.82,37.11
5/9/2014,34.3,38.96,32.68,37.71
5/8/2014,33.61,35.01,29.61,34.3
5/7/2014,33.27,34.46,30.31,33.61
5/6/2014,34.19,34.3,31.37,33.27
5/5/2014,33.06,35.31,30.99,34.19
5/2/2014,30.59,33.42,29.18,33.06
4/30/2014,31.05,31.46,30.03,30.59
4/29/2014,31.39,32.44,30.49,31.05
4/28/2014,30.68,31.93,30.5,31.39
4/25/2014,31.13,32.98,30.12,30.68
4/23/2014,33.36,34.25,28.07,31.13
4/22/2014,34.39,37.23,32.94,33.36
4/21/2014,30.85,38.04,30.85,34.39
4/17/2014,31.16,31.33,21.65,30.85
4/16/2014,31.88,32.08,21.68,31.16
4/15/2014,29.19,32.62,22.87,31.88
4/11/2014,28.72,29.48,20.83,29.19
4/10/2014,26.91,29.71,21.11,28.72
4/9/2014,24.95,27.09,22.39,26.91
4/7/2014,22.69,25.49,17.69,24.95
4/4/2014,22.11,22.83,16.67,22.69
4/3/2014,21.21,22.31,17.31,22.11
4/2/2014,20.69,21.3,16.86,21.21
4/1/2014,21.62,21.67,19.54,20.69
3/31/2014,18.63,21.8,17.49,21.62
3/28/2014,18.37,19.15,17.1,18.63
3/27/2014,17.77,18.73,17.24,18.37
3/26/2014,16.92,18.25,15.72,17.77
3/25/2014,16.54,17.13,15.42,16.92
3/24/2014,15.88,17.2,15.24,16.54
3/22/2014,16.19,16.19,13.14,15.88
3/21/2014,16.91,16.91,14.39,16.19
3/20/2014,16.88,17.15,15.41,16.91
3/19/2014,17.13,17.33,15.67,16.88
3/18/2014,16.45,17.56,15.73,17.13
3/14/2014,16.82,17.29,14.29,16.45
3/13/2014,17.04,17.08,14.65,16.82
3/12/2014,17.33,17.44,16.09,17.04
3/11/2014,17.78,17.92,14.27,17.33
3/10/2014,16.72,17.99,15.95,17.78
3/7/2014,14.48,16.91,13.26,16.72
3/6/2014,13.84,14.64,12.5,14.48
3/5/2014,14.39,14.43,13.34,13.84
3/4/2014,15.28,15.37,13.93,14.39
3/3/2014,14.18,15.73,13.94,15.28
2/28/2014,13.96,14.87,13.55,14.18
2/26/2014,13.95,14.2,13.24,13.96
2/25/2014,14.36,14.36,13.53,13.95
2/24/2014,14.04,14.83,13.69,14.36
2/21/2014,15.16,15.16,13.88,14.04
2/20/2014,15.07,15.72,14.27,15.16
2/19/2014,15.41,15.41,14.05,15.07
2/18/2014,15.83,15.83,13.68,15.41
2/17/2014,16.66,17.02,15.54,15.83
2/14/2014,17.8,17.83,15.61,16.66
2/13/2014,17.43,17.96,15.22,17.8
2/12/2014,18.63,18.63,16.12,17.43
2/11/2014,19.05,19.05,17.4,18.63
2/10/2014,18.55,19.2,17.58,19.05
2/7/2014,18.94,19.11,17.7,18.55
2/6/2014,18.93,20.23,18,18.94
2/5/2014,18.69,20.09,17.74,18.93
2/4/2014,18.27,19.82,18.05,18.69
2/3/2014,16.82,18.34,16.82,18.27
1/31/2014,17.25,17.33,16.64,16.82
1/30/2014,18.04,18.34,17.07,17.25
1/29/2014,17.72,18.15,16.73,18.04
1/28/2014,18.67,18.72,17.61,17.72
1/27/2014,15.83,18.67,15.83,18.67
1/24/2014,15.58,16.18,15.24,15.83
1/23/2014,15.85,16.03,15.14,15.58
1/22/2014,15.55,15.87,14.92,15.85
1/21/2014,15.35,15.71,13.88,15.55
1/20/2014,15.41,16.07,14.77,15.35
1/17/2014,15.54,15.83,14.1,15.41
1/16/2014,15.42,15.82,14.4,15.54
1/15/2014,15.74,15.88,14.7,15.42
1/14/2014,15.95,16.27,15.13,15.74
1/13/2014,15.58,16.03,14.61,15.95
1/10/2014,16.18,16.37,15.02,15.58
1/9/2014,16.32,16.64,15.9,16.18
1/8/2014,16.32,16.48,15.82,16.32
1/7/2014,16.5,16.91,16.1,16.32
1/6/2014,15.87,16.91,15.87,16.5
1/3/2014,16.55,17.32,15.79,15.87
1/2/2014,15.58,16.97,15.33,16.55
1/1/2014,15.12,15.58,15.1,15.58
12/31/2013,15.08,15.44,14.75,15.12
12/30/2013,14.66,15.52,14.66,15.08
12/27/2013,14.88,15.51,14.62,14.66
12/26/2013,15.58,16.27,14.62,14.88
12/24/2013,16.26,16.94,15.52,15.58
12/23/2013,16.02,17.13,15.91,16.26
12/20/2013,16.58,16.72,15.51,16.02
12/19/2013,17.54,17.54,15.63,16.58
12/18/2013,18.33,18.46,17.06,17.54
12/17/2013,18.36,18.61,17.13,18.33
12/16/2013,17.84,18.76,17.54,18.36
12/13/2013,16.79,18,16.79,17.84
12/12/2013,17.03,17.93,17.03,17.74
12/11/2013,17.98,18.53,17.08,17.54
12/10/2013,19.16,19.16,17.96,17.98
12/9/2013,22.21,22.21,18.09,19.16
12/6/2013,21.68,22.36,21.08,22.21
12/5/2013,20.58,22.07,20.08,21.68
12/4/2013,24.72,25.45,23.34,23.71
12/3/2013,23.36,25.09,22.96,24.72
12/2/2013,21.38,23.36,21.3,23.36
11/29/2013,20.37,21.53,20.25,21.38
11/28/2013,20.18,20.91,20.18,20.71
11/27/2013,21.59,22.01,20.54,21.14
11/26/2013,21.05,22.01,20.3,21.59
11/25/2013,20.04,21.27,19.49,21.05
11/22/2013,21.14,21.32,19.97,20.04
11/21/2013,20.83,22.36,19.76,21.14
11/20/2013,19.3,20.88,18.24,20.83
11/19/2013,17.7,19.39,17.7,19.3
11/18/2013,19.26,19.55,17.48,18.82
11/14/2013,18.62,19.6,18.58,19.26
11/13/2013,20.86,21.12,20.15,20.45
11/12/2013,19.98,20.86,18.73,20.86
11/11/2013,19.64,20.71,19.32,19.98
11/8/2013,19.87,20.49,19.16,19.64
11/7/2013,20.25,20.63,19.62,19.87
11/6/2013,19.94,20.46,18.55,20.25
11/5/2013,19.49,20.26,19.28,19.94
11/3/2013,18.64,19.53,18.24,19.49
11/1/2013,18.39,19.39,17.86,18.64
10/31/2013,19.53,19.75,18.21,18.39
10/30/2013,19.76,20.06,18.84,19.53
10/29/2013,21.29,21.54,19.6,19.76
10/28/2013,20.42,21.56,20.11,21.29
10/25/2013,20.64,21.04,19.87,20.42
10/24/2013,20.35,21.27,19.2,20.64
10/23/2013,19.96,20.79,18.76,20.35
10/22/2013,20.18,20.43,19.21,19.96
10/21/2013,19.16,21.1,19.16,20.18
10/18/2013,21.06,21.06,19.32,20.12
10/17/2013,23.24,23.24,21.02,21.06
10/15/2013,22.85,23.99,20.91,23.24
10/14/2013,23.59,24.42,22.72,22.85
10/11/2013,23.08,25.42,23.08,23.59
10/10/2013,25.87,26.95,25.02,25.88
10/9/2013,26.03,27.16,25.75,25.87
10/8/2013,26.83,27.38,24.65,26.55
10/7/2013,26.13,27.93,26.13,26.83
10/4/2013,24.5,26.74,24.5,26.13
10/3/2013,25.77,25.89,24.93,25.17
10/1/2013,26.65,28.02,25.74,25.77
9/30/2013,25,26.65,24.91,26.65
9/27/2013,24,25.24,23.36,24.06
9/26/2013,25.68,25.8,23.57,24
9/25/2013,26.72,27.05,25.05,25.68
9/24/2013,27.02,28.49,26.27,26.72
9/23/2013,24.73,27.24,24.73,27.02
9/20/2013,24.5,26.18,23.4,24.73
9/19/2013,23.62,25.36,23.56,24.5
9/18/2013,27.93,28.49,26.99,27.69
9/17/2013,28.82,29.58,27.6,27.93
9/16/2013,28.29,29.67,25.9,28.82
9/13/2013,29.71,29.71,28.17,28.29
9/12/2013,29.75,30.8,26.7,29.71
9/11/2013,29.44,31.16,28.48,29.75
9/10/2013,28.65,29.52,27.09,29.44
9/6/2013,28.53,29.28,27.63,28.65
9/5/2013,31.11,31.11,27.51,28.53
9/4/2013,32.49,33.02,30.83,31.11
9/3/2013,27.55,32.66,26.76,32.49
9/2/2013,27.81,28.55,26.97,27.55
8/30/2013,29.41,30.31,27.11,27.81
8/29/2013,32.38,32.44,28.83,29.41
8/28/2013,29.42,36.02,29.42,32.38
8/27/2013,26.38,30.04,25.97,29.42
8/26/2013,25.75,27.43,24.72,26.38
8/23/2013,27.68,27.84,25.34,25.75
8/22/2013,28.09,29.86,27.99,27.68
8/21/2013,27.23,29.96,24.25,28.09
8/20/2013,25.59,27.43,24.86,27.23
8/19/2013,23.64,26.99,23.64,25.59
8/16/2013,18.7,24.76,18.07,23.64
8/14/2013,19.26,19.62,18.27,18.7
8/13/2013,20.26,21.11,19.07,19.26
8/12/2013,21.19,21.99,20.17,21.28
8/8/2013,22.04,22.04,20.59,21.19
8/7/2013,22.73,23.28,21.86,22.04
8/6/2013,20.8,22.75,20.32,22.73
8/5/2013,20.89,21.62,20.56,20.8
8/2/2013,19.81,21.22,19,20.89
8/1/2013,18.77,20.9,17.72,19.81
7/31/2013,18.12,19.29,18.12,18.77
7/30/2013,18.25,18.46,17.06,18.12
7/29/2013,16.78,18.42,16.78,18.25
7/26/2013,16.54,17.05,16.27,16.78
7/25/2013,16.98,17.09,16.18,16.72
7/24/2013,16.72,18.05,16.6,16.91
7/23/2013,17.63,17.63,16.43,16.72
7/22/2013,18.03,18.66,17.62,17.63
7/19/2013,18.27,18.28,17.71,18.13
7/18/2013,19.36,19.4,18.07,18.27
7/17/2013,18.99,19.59,17.76,19.36
7/16/2013,18.79,19.82,17.79,18.99
7/15/2013,18.69,19.54,17.63,18.79
7/12/2013,18.89,18.96,17.68,18.69
7/11/2013,19.98,19.98,18.13,18.89
7/10/2013,19.32,20.11,18.33,19.98
7/9/2013,19.34,19.53,18.41,19.32
7/8/2013,18.67,19.85,18.38,19.34
7/5/2013,18.58,19.01,17.75,18.67
7/4/2013,18.91,19,18,18.58
7/3/2013,18.21,19.13,17.81,18.91
7/2/2013,18.09,18.55,17.98,18.21
7/1/2013,17.95,18.72,17.95,18.09
6/28/2013,18.85,18.85,17.62,17.95
6/27/2013,21.07,21.07,18.62,18.85
6/26/2013,21.14,21.22,20.08,21.07
6/25/2013,21.01,22.11,20.33,21.14
6/24/2013,19.03,21.79,18.48,21.01
6/21/2013,19.19,19.73,18.19,19.03
6/20/2013,18.46,19.74,17.85,19.19
6/19/2013,18.29,18.68,17.75,18.46
6/18/2013,17.89,18.85,17.89,18.29
6/17/2013,18.28,19.35,18.13,18.18
6/14/2013,19.44,19.44,17.65,18.35
6/13/2013,18.85,19.77,17.76,19.44
6/12/2013,19.49,19.85,18.75,18.85
6/11/2013,17.41,19.59,17.41,19.49
6/10/2013,17.35,18.63,17.04,18.11
6/7/2013,17.35,17.51,16.78,17.35
6/6/2013,16.78,17.52,16.59,17.35
6/5/2013,16.79,17.5,16.78,16.78
6/4/2013,17.29,17.55,16.72,17.26
6/3/2013,16.99,17.92,16.99,17.29
5/31/2013,16.04,17.21,15.88,16.99
5/30/2013,17.86,17.86,15.84,16.04
5/29/2013,16.79,17.87,16.79,17.86
5/28/2013,17.03,17.62,16.63,17.12
5/27/2013,17.7,18.04,16.68,17.03
5/24/2013,18.73,18.8,17.61,17.7
5/23/2013,17.72,19.36,16.96,18.73
5/22/2013,17.88,18.03,16.95,17.72
5/21/2013,16.99,18.22,16.99,17.88
5/20/2013,17.57,17.99,17.3,17.71
5/17/2013,17.74,17.83,16.76,17.57
5/16/2013,18.13,18.52,17.46,17.74
5/15/2013,17.17,18.16,16.54,18.13
5/14/2013,16.53,17.7,16.53,17.17
5/13/2013,16.84,17.79,16.77,17.51
5/11/2013,16.86,16.89,15.85,16.84
5/10/2013,16.6,17.13,16.4,16.86
5/9/2013,16.76,17.15,16.53,16.6
5/8/2013,16.5,17.22,16.01,16.76
5/7/2013,15.84,16.53,15.56,16.5
5/6/2013,15.55,16.59,15.53,15.84
5/3/2013,16.28,16.55,15.43,15.55
5/2/2013,15.1,16.73,15.1,16.28
4/30/2013,14.33,15.64,13.81,15.1
4/29/2013,13.88,14.72,13.88,14.33
4/26/2013,14.6,14.6,13.84,13.88
4/25/2013,15.07,15.58,13.87,14.2
4/23/2013,16.22,16.45,14.63,15.07
4/22/2013,15.36,17.25,15.36,16.22
4/18/2013,16.36,16.49,15.21,15.36
4/17/2013,16.25,16.58,15.76,16.36
4/16/2013,16.61,16.8,16.04,16.25
4/15/2013,16.45,17.07,16.24,16.61
4/12/2013,16.97,17.26,16.33,16.45
4/11/2013,16.49,17.59,15.99,16.97
4/10/2013,16.82,17.43,16.03,16.49
4/9/2013,15.82,17.26,15.82,16.82
4/8/2013,15.67,16.96,15.67,16.77
4/5/2013,15.85,16.47,15.23,16.16
4/4/2013,14.87,16.08,14.8,15.85
4/3/2013,14.1,15.06,13.84,14.87
4/2/2013,14.85,15.09,14.1,14.1
4/1/2013,15.22,15.85,14.8,14.85
3/28/2013,15.8,16.2,15.22,15.22
3/26/2013,16.36,16.84,15.64,15.8
3/25/2013,15.54,16.36,14.92,16.36
3/22/2013,16.51,16.51,15.45,15.54
3/21/2013,16.66,17.24,15.9,16.51
3/20/2013,16.71,17.44,16.17,16.66
3/19/2013,15.85,17.84,14.83,16.71
3/18/2013,15.16,16.59,15.16,15.85
3/15/2013,14.66,15.29,14.19,15.16
3/14/2013,16.2,17.16,14.58,14.66
3/13/2013,15.13,16.43,14.69,16.2
3/12/2013,14.25,15.67,13.7,15.13
3/11/2013,13.34,14.32,13.12,14.25
3/8/2013,12.85,13.58,12.85,13.34
3/7/2013,13.4,13.62,12.83,13.07
3/6/2013,13.39,13.6,12.9,13.4
3/5/2013,13.67,13.74,13.22,13.39
3/4/2013,14.06,14.51,13.67,13.67
3/1/2013,14.86,15.09,13.93,14.06
2/28/2013,16.23,16.23,14.59,14.86
2/27/2013,17.36,17.36,16.11,16.23
2/26/2013,16.73,17.6,16.47,17.36
2/25/2013,16.79,17.33,16.61,16.73
2/22/2013,16.94,17.29,16.36,16.79
2/21/2013,15.6,17.25,15.25,16.94
2/20/2013,15.81,16.01,14.88,15.6
2/19/2013,16.29,16.5,15.48,15.81
2/18/2013,15.24,16.61,15.24,16.29
2/15/2013,15.09,15.49,14.13,15.24
2/14/2013,15.14,15.52,14.67,15.09
2/13/2013,15.31,15.31,14.47,15.14
2/12/2013,15.65,15.71,14.98,15.31
2/11/2013,15.16,15.74,14.96,15.65
2/8/2013,14.89,15.22,13.75,15.16
2/7/2013,14.26,14.89,13.56,14.89
2/6/2013,14.61,14.61,14.1,14.26
2/5/2013,14.34,14.83,14.11,14.61
2/4/2013,13.76,14.62,13.51,14.34
2/1/2013,14.13,14.18,13.76,13.76
1/31/2013,14.38,14.54,13.65,14.13
1/30/2013,14.47,14.68,14.05,14.38
1/29/2013,15.17,15.28,14.28,14.47
1/28/2013,14.77,15.49,14.41,15.17
1/25/2013,14.46,14.98,14.32,14.77
1/24/2013,13.67,14.55,12.84,14.46
1/23/2013,13.89,14.28,13.13,13.67
1/22/2013,13.66,14.06,12.9,13.89
1/21/2013,13.89,14.39,13.63,13.66
1/18/2013,14.01,14.26,13.25,13.89
1/17/2013,13.99,14.25,13.66,14.01
1/16/2013,13.58,14.14,13.06,13.99
1/15/2013,13.7,14,13.34,13.58
1/14/2013,13.23,14.02,13.22,13.7
1/11/2013,13.27,13.35,12.83,13.23
1/10/2013,13.32,13.63,12.85,13.27
1/9/2013,13.27,13.56,12.58,13.32
1/8/2013,13.92,14.06,13.21,13.27
1/7/2013,13.37,14.04,13.37,13.92
1/4/2013,13.47,13.63,13.28,13.37
1/3/2013,13.71,13.94,13.22,13.47
1/2/2013,13.69,13.91,12.99,13.71
1/1/2013,14.95,14.95,13.64,13.69
12/31/2012,13.63,14.97,13.63,14.95
12/28/2012,13.74,13.83,13.46,13.63
12/27/2012,14.1,14.34,13.62,13.74
12/26/2012,14.49,14.98,14.03,14.1
12/24/2012,14.63,15.15,14.15,14.49
12/21/2012,14.32,15.06,13.77,14.63
12/20/2012,14.47,14.9,13.77,14.32
12/19/2012,14.44,14.64,13.28,14.47
12/18/2012,14.92,14.92,14.07,14.44
12/17/2012,14.23,15.06,13.42,14.92
12/14/2012,14.71,14.83,13.43,14.23
12/13/2012,14.51,14.86,13.29,14.71
12/12/2012,14.67,14.67,13.4,14.51
12/11/2012,14.51,14.84,13.39,14.67
12/10/2012,14.96,14.96,14.22,14.51
12/7/2012,15.24,15.51,14.42,14.96
12/6/2012,16.62,16.62,15.02,15.24
12/5/2012,15.91,16.72,14.79,16.62
12/4/2012,15.62,16.17,14.62,15.91
12/3/2012,15.15,15.72,14.54,15.62
11/30/2012,15.37,15.38,14.06,15.15
11/29/2012,13.96,15.62,13.48,15.37
11/27/2012,14.67,14.68,13.39,13.96
11/26/2012,14.68,14.94,14.09,14.67
11/23/2012,14.91,15.01,13.42,14.68
11/22/2012,15.46,15.55,14.65,14.91
11/21/2012,15.81,16.03,14.82,15.46
11/20/2012,16.68,16.68,14.72,15.81
11/19/2012,16.22,17.22,14.71,16.68
11/16/2012,15.53,16.27,14.13,16.22
11/15/2012,14.91,16.36,13.85,15.53
11/13/2012,14.86,14.91,13.93,14.91
11/12/2012,14.37,15.11,13.75,14.86
11/9/2012,14.22,14.8,13.57,14.37
11/8/2012,14.51,14.57,13.86,14.22
11/7/2012,15.21,15.39,14.41,14.51
11/6/2012,14.63,15.64,13.83,15.21
11/5/2012,13.66,14.98,13.49,14.63
11/2/2012,14.08,14.08,13.25,13.66
11/1/2012,14.4,14.67,14.01,14.08
10/31/2012,15.17,15.18,14.31,14.4
10/30/2012,15.12,15.55,15.09,15.17
10/29/2012,14.21,15.37,14.21,15.12
10/26/2012,13.52,14.81,13.52,14.21
10/25/2012,13.71,14.55,13.4,13.52
10/23/2012,13.04,14.22,12.93,13.71
10/22/2012,14.34,14.37,12.87,13.04
10/19/2012,14.76,15.19,13.95,14.54
10/18/2012,15.17,15.17,14.15,14.76
10/17/2012,15.57,15.57,14.36,15.17
10/16/2012,15.9,15.9,14.82,15.57
10/15/2012,16.49,16.68,15.78,15.9
10/12/2012,16.49,16.82,15.37,16.49
10/11/2012,16.83,17.24,16.12,16.49
10/10/2012,16.8,17.16,16.5,16.83
10/9/2012,17.17,17.17,16.32,16.8
10/8/2012,16.78,17.59,16.17,17.17
10/5/2012,16.44,17.49,15.68,16.78
10/4/2012,16.5,16.62,15.59,16.44
10/3/2012,16.34,16.98,15.69,16.5
10/1/2012,16.16,16.77,15.99,16.34
9/28/2012,16.91,16.91,16.13,16.16
9/27/2012,16.97,17.09,15.73,16.91
9/26/2012,17.11,17.3,16.62,16.97
9/25/2012,18.83,18.83,17.11,17.11
9/24/2012,18.93,19.83,18.46,18.83
9/21/2012,18.62,19.45,17.09,18.93
9/20/2012,17.83,18.81,17.13,18.62
9/18/2012,17.78,18.09,16.17,17.83
9/17/2012,15.38,17.81,15.38,17.78
9/14/2012,15.67,15.67,13.86,15.38
9/13/2012,15.04,15.83,14.62,15.67
9/12/2012,15.38,15.66,14.64,15.04
9/11/2012,15.27,15.51,15.1,15.38
9/10/2012,14.76,15.46,14.76,15.27
9/8/2012,15.26,15.26,14.45,14.76
9/7/2012,16.98,16.98,15.2,15.26
9/6/2012,17.01,17.07,16.23,16.98
9/5/2012,16.59,17.15,16.19,17.01
9/4/2012,17.28,17.28,16.59,16.59
9/3/2012,17.3,17.5,16.86,17.28
8/31/2012,16.67,17.35,16.59,17.3
8/30/2012,16.74,17.04,16.55,16.67
8/29/2012,16.35,16.9,15.64,16.74
8/28/2012,16.47,16.76,15.8,16.35
8/27/2012,16.16,17.03,14.68,16.47
8/24/2012,16.12,16.8,15.66,16.16
8/23/2012,16,16.36,15.44,16.12
8/22/2012,16.3,16.53,15.79,16
8/21/2012,15.73,16.49,15.71,16.3
8/17/2012,15.69,16.02,15.21,15.73
8/16/2012,15.64,16.13,15.07,15.69
8/14/2012,16.01,16.15,15.57,15.64
8/13/2012,16.07,16.65,16,16.01
8/10/2012,16.33,16.51,16.03,16.07
8/9/2012,16.37,16.77,16.04,16.33
8/8/2012,16.21,16.74,15.51,16.37
8/7/2012,16.22,16.33,15.74,16.21
8/6/2012,16.12,16.51,15.68,16.22
8/3/2012,16.77,16.96,16.12,16.12
8/2/2012,16.45,16.91,16.45,16.77
8/1/2012,16.01,16.48,15.86,16.45
7/31/2012,16.6,17.13,15.93,16.01
7/30/2012,16.44,17.32,16.43,16.6
7/27/2012,16.37,16.75,15.42,16.44
7/26/2012,16.75,17.58,15.92,16.37
7/25/2012,16.97,18.14,16.48,16.75
7/24/2012,18.66,18.66,16.56,16.97
7/23/2012,16.89,18.67,16.89,18.66
7/20/2012,16.38,17.31,15.84,16.89
7/19/2012,17.44,17.44,16.33,16.38
7/18/2012,17.78,17.83,17.06,17.44
7/17/2012,18.77,18.77,17.72,17.78
7/16/2012,18.26,19.01,18.08,18.77
7/13/2012,18.71,18.71,17.62,18.26
7/12/2012,18.39,19.31,18.02,18.71
7/11/2012,17.83,18.57,17.8,18.39
7/10/2012,18.72,18.87,17.8,17.83
7/9/2012,18.04,19.09,18.04,18.72
7/6/2012,18.35,18.63,18.04,18.04
7/5/2012,18.27,18.7,18.09,18.35
7/4/2012,18.56,18.83,17.48,18.27
7/3/2012,19.01,19.01,18.14,18.56
7/2/2012,19.08,19.7,18.79,19.01
6/29/2012,20.62,20.62,18.8,19.08
6/28/2012,20.37,20.73,19.53,20.62
6/27/2012,20.23,20.81,19.39,20.37
6/26/2012,21.57,21.76,20.04,20.23
6/25/2012,20.58,21.63,20.04,21.57
6/22/2012,19.94,21.52,19.61,20.58
6/21/2012,21.03,21.22,19.43,19.94
6/20/2012,21.43,21.72,20.11,21.03
6/19/2012,22.6,22.6,21.04,21.43
6/18/2012,25.54,25.54,22.25,22.6
6/15/2012,25.71,25.92,24.49,25.54
6/14/2012,24.36,25.82,23.4,25.71
6/13/2012,24.2,25.32,23.53,24.36
6/12/2012,25.02,25.43,23.94,24.2
6/11/2012,23.47,25.02,23.47,25.02
6/8/2012,23.64,24.75,23.45,23.47
6/7/2012,24.9,25.06,23.34,23.64
6/6/2012,26.26,26.26,24.26,24.9
6/5/2012,25.6,26.69,24.27,26.26
6/4/2012,26.77,28.65,25.6,25.6
6/1/2012,25.25,26.77,24.88,26.77
5/31/2012,25.3,25.97,24.99,25.25
5/30/2012,24.03,25.54,23.29,25.3
5/29/2012,23.68,24.33,22.7,24.03
5/28/2012,25.14,25.4,23.59,23.68
5/25/2012,25.49,26.6,24.06,25.14
5/24/2012,27.13,27.13,24,25.49
5/23/2012,24.39,27.2,23.21,27.13
5/22/2012,23.92,24.63,22.6,24.39
5/21/2012,23.55,24.35,23.2,23.92
5/18/2012,23.59,25.45,22.57,23.55
5/17/2012,23.71,24.27,22.21,23.59
5/16/2012,22.28,24.54,22.28,23.71
5/15/2012,23.26,23.26,22.2,22.28
5/14/2012,22.48,23.52,22.48,23.26
5/11/2012,22.72,23.93,22.35,22.48
5/10/2012,23.04,23.64,22.07,22.72
5/9/2012,22.16,23.87,22.06,23.04
5/8/2012,20.22,22.3,19.65,22.16
5/7/2012,21.12,23.23,20.18,20.22
5/4/2012,19.25,21.45,19.25,21.12
5/3/2012,18.54,19.82,18.54,19.25
5/2/2012,17.82,18.61,17.82,18.54
4/30/2012,17.61,18.52,17.61,17.82
4/28/2012,18.55,18.55,17.59,17.61
4/27/2012,18.74,19.18,17.85,17.89
4/26/2012,19.33,19.45,18.31,18.74
4/25/2012,17.76,20.4,17.76,18.94
4/24/2012,21.57,21.57,19.13,19.25
4/23/2012,20.09,21.57,19.71,21.57
4/20/2012,19.35,20.75,19.02,20.09
4/19/2012,20.03,20.03,18.99,19.35
4/18/2012,18.93,20.2,18.93,20.03
4/17/2012,22.23,22.75,20.29,20.31
4/16/2012,22.75,23.29,22.23,22.23
4/13/2012,19.86,23.16,19.86,22.75
4/12/2012,22.29,22.29,21.72,21.78
4/11/2012,21.92,22.75,21.65,22.29
4/10/2012,22.33,22.81,21.73,21.92
4/9/2012,20.63,22.44,20.63,22.33
4/4/2012,20.01,20.85,20.01,20.63
4/3/2012,20.88,20.88,19.93,20.01
4/2/2012,22.86,22.94,20.88,20.88
3/30/2012,24.33,24.33,22.07,22.38
3/29/2012,24.87,25.86,24.19,24.33
3/28/2012,25.05,25.83,24.82,24.87
3/27/2012,26.74,27.13,24.32,25.05
3/26/2012,23.34,27.45,22.4,26.74
3/23/2012,24.77,24.77,22.89,23.34
3/22/2012,21,24.77,20.59,24.77
3/21/2012,21.94,21.99,21,21
3/20/2012,22.97,22.97,21.36,21.94
3/19/2012,23.13,23.82,22.79,22.97
3/16/2012,25.42,25.42,22.58,23.13
3/15/2012,24.72,25.64,24.04,25.42
3/14/2012,24.75,25.09,23.03,24.72
3/13/2012,26.27,26.27,24.64,24.75
3/12/2012,25.47,26.93,24.92,26.27
3/9/2012,26.33,26.33,24.6,25.47
3/7/2012,27.34,27.34,25.97,26.33
3/6/2012,28.92,28.92,26.05,27.34
3/5/2012,28.2,29.55,28.2,28.92
3/3/2012,27.84,28.2,27.17,28.2
3/2/2012,27.67,28.37,26.62,27.84
3/1/2012,26.93,28.02,26.52,27.67
2/29/2012,25.85,27.09,24.69,26.93
2/28/2012,27.38,27.38,25.7,25.85
2/27/2012,24.82,27.87,24.82,27.38
2/24/2012,24.33,25.79,23.59,24.82
2/23/2012,26.8,26.8,24.13,24.33
2/22/2012,26.25,27.3,25.69,26.8
2/21/2012,24.18,27.18,24.18,26.25
2/17/2012,23.33,24.91,21.81,24.18
2/16/2012,22.1,23.88,20.3,23.33
2/15/2012,22.71,22.71,21.71,22.1
2/14/2012,23.71,23.92,22.71,22.71
2/13/2012,23.83,24.76,23.12,23.71
2/10/2012,23.3,24.47,22.98,23.83
2/9/2012,24.27,24.61,23.25,23.3
2/8/2012,24.91,25.01,24.17,24.27
2/7/2012,24.66,25.15,23.69,24.91
2/6/2012,24.09,25.02,23.58,24.62
2/3/2012,23.69,24.49,23.35,24.09
2/2/2012,22.89,24.26,21.88,23.69
2/1/2012,22.66,23.49,22.17,22.89
1/31/2012,23.46,23.46,22.33,22.66
1/30/2012,21.7,23.48,21.7,23.46
1/27/2012,21.02,22.2,20.68,21.7
1/25/2012,21.42,21.42,18.63,21.02
1/24/2012,22.14,22.51,20.77,21.42
1/23/2012,21.96,22.91,21.96,22.14
1/20/2012,21.68,22.33,18.01,21.96
1/19/2012,22.68,22.68,20.88,21.68
1/18/2012,22.61,22.75,21.97,22.68
1/17/2012,24.07,24.07,22.48,22.61
1/16/2012,23.48,24.96,23.22,24.07
1/13/2012,24.03,24.15,23.23,23.48
1/12/2012,24.54,24.85,23.77,24.03
1/11/2012,24,24.64,23.32,24.54
1/10/2012,25.68,25.68,23.96,24
1/9/2012,25.65,26.54,24.91,25.68
1/7/2012,25.46,25.76,24.6,25.65
1/6/2012,25.91,26.44,25.09,25.46
1/5/2012,26.41,26.6,25.72,25.91
1/4/2012,26.16,26.84,25.6,26.41
1/3/2012,27.53,27.53,25.99,26.16
1/2/2012,27.11,28.68,27.11,27.53
12/30/2011,26.62,27.79,26.25,27.11
12/29/2011,26.74,27.55,26.43,26.62
12/28/2011,26.29,27.24,25.94,26.74
12/27/2011,26.6,27.01,26.03,26.29
12/26/2011,26.99,27.97,26.31,26.6
12/23/2011,26.84,27.91,25.81,27.39
12/22/2011,27.31,28.23,26.58,26.84
12/21/2011,28.81,29.88,27.53,27.53
12/20/2011,30.58,31.02,29.54,30.53
12/19/2011,29.69,31.27,29.69,30.58
12/16/2011,27.48,29.69,27.48,29.69
12/15/2011,28.79,30.26,27.98,28.81
12/14/2011,28.08,29.35,28.08,28.79
12/13/2011,28.47,29.61,28.11,28.11
12/12/2011,27.21,30,27.21,29.27
12/9/2011,28.03,29.98,28.03,29.53
12/8/2011,25,29,25,28.58
12/7/2011,24.52,26.58,24.52,26.46
12/5/2011,23.4,25.75,23.4,25.02
12/2/2011,24.09,24.9,23.38,23.99
12/1/2011,26.55,26.55,23.37,25.02
11/30/2011,26.46,27.85,26.15,26.55
11/29/2011,26.64,28.15,26.2,26.87
11/28/2011,28.63,28.77,26.64,26.64
11/25/2011,27.95,30.13,27.95,29.12
11/24/2011,24.84,32.52,24.84,27.95
11/23/2011,27.35,32.71,26.98,30.68
11/22/2011,22.64,28.9,22.64,27.35
11/21/2011,23.07,28.69,23.07,28.61
11/18/2011,26.92,28.23,26.28,26.58
11/17/2011,25.04,27.27,24.73,26.92
11/16/2011,25.97,27.22,24.93,25.04
11/15/2011,25.29,26.03,24.43,25.97
11/14/2011,24.74,25.47,24,25.29
11/11/2011,24.3,25.93,24.27,24.74
11/9/2011,23.71,24.82,20.16,24.3
11/8/2011,20.75,24.74,20.75,23.71
11/4/2011,21.13,23.88,21.13,23.43
11/3/2011,24.89,26.18,24.42,24.66
11/2/2011,24.02,24.92,23.57,24.89
11/1/2011,20.73,24.6,20.73,24.02
10/31/2011,20.27,22.79,20.27,22.66
10/28/2011,22.69,22.69,20.57,20.89
10/26/2011,22.31,22.69,22.01,22.69
10/25/2011,25.22,25.22,22,22.31
10/24/2011,26.3,26.3,24.58,25.22
10/21/2011,25.6,26.7,24.39,26.3
10/20/2011,24.05,26.54,19.6,25.6
10/19/2011,25.9,25.9,23.53,24.05
10/18/2011,25.43,26.59,25.33,25.9
10/17/2011,25.98,26.53,25,25.43
10/14/2011,28.24,28.31,25.73,25.98
10/13/2011,28.41,28.54,27.42,28.24
10/12/2011,30.3,30.3,28.01,28.41
10/11/2011,30.03,30.95,28.15,30.3
10/10/2011,33.02,33.71,30.03,30.03
10/7/2011,35.37,35.37,29.9,33.02
10/5/2011,37.19,37.19,34.76,35.37
10/4/2011,35.07,39.02,34.79,37.19
10/3/2011,31.94,36.05,31.94,35.07
9/30/2011,31.07,32.52,30.28,31.94
9/29/2011,32,32.81,30.5,31.07
9/28/2011,32.01,34.11,31.03,32
9/27/2011,35.43,35.43,31.24,32.01
9/26/2011,35.16,38.19,34.47,35.43
9/23/2011,33.88,37.55,33.52,35.16
9/22/2011,27.67,34.92,27.67,33.88
9/21/2011,27.25,28.17,25.99,27.67
9/20/2011,29.6,29.6,27.01,27.25
9/19/2011,28.45,30.75,27.56,29.6
9/16/2011,30.79,30.79,28.37,28.45
9/15/2011,32.45,33.72,29.91,30.79
9/14/2011,32.77,34.74,31.24,32.45
9/13/2011,32.75,33.71,29.42,32.77
9/12/2011,28.15,32.92,27.31,32.75
9/9/2011,27.64,28.28,26.15,28.15
9/8/2011,27.86,28.67,26.98,27.64
9/7/2011,28.66,28.77,27.4,27.86
9/6/2011,27.83,30.5,26.81,28.66
9/5/2011,26.09,28.32,26.09,27.83
9/2/2011,24.88,26.37,24.01,26.09
8/30/2011,26.07,26.4,24.4,24.88
8/29/2011,33.26,33.26,25.66,26.07
8/26/2011,27.94,33.26,27.75,33.26
8/25/2011,28.6,30.34,26.41,27.94
8/24/2011,25.92,29.22,24.93,28.6
8/23/2011,27.08,29.06,25.23,25.92
8/22/2011,29.19,30.35,27.03,27.08
8/19/2011,27.45,31.13,25.9,29.19
8/18/2011,25.48,27.87,22.35,27.45
8/17/2011,26.46,26.46,24.53,25.48
8/16/2011,27.02,27.13,24.99,26.46
8/12/2011,29.09,29.09,25.65,27.02
8/11/2011,28.95,29.49,27.4,29.09
8/10/2011,34.88,34.88,26.09,28.95
8/9/2011,28.78,37,28.78,34.88
8/8/2011,24.9,29.65,24.9,28.78
8/5/2011,20.22,26.4,19.84,24.9
8/4/2011,19.43,20.28,19.26,20.22
8/3/2011,19.15,19.99,18.98,19.48
8/2/2011,18.78,19.51,18.38,19.15
8/1/2011,19.77,19.77,18.58,18.78
7/29/2011,18.51,19.88,18.39,19.77
7/28/2011,18.25,19.04,18.25,18.51
7/27/2011,19.3,19.36,18.13,18.25
7/26/2011,19.2,19.59,18.41,19.3
7/25/2011,17.91,19.23,16.55,19.2
7/22/2011,18.75,18.75,17.27,17.91
7/21/2011,19.11,19.16,18.64,18.75
7/20/2011,19.25,19.46,18.48,19.11
7/19/2011,20.2,20.2,19.08,19.25
7/18/2011,19.95,20.4,19.29,20.2
7/15/2011,19.97,20.26,19.08,19.95
7/14/2011,19.52,20.29,17.85,19.97
7/13/2011,20.83,20.83,19.5,19.52
7/12/2011,19.69,21.22,19.41,20.83
7/11/2011,18.67,19.71,18.6,19.69
7/8/2011,18.62,18.79,18.02,18.67
7/7/2011,18.34,18.62,17.35,18.62
7/6/2011,18.25,18.49,18.12,18.34
7/5/2011,18.17,18.52,17.78,18.25
7/4/2011,18.21,18.71,17.84,18.17
7/1/2011,18.41,18.43,17.79,18.21
6/30/2011,19.46,19.46,18.41,18.41
6/29/2011,19.49,19.54,18.76,19.46
6/28/2011,19.99,19.99,19.32,19.49
6/27/2011,19.32,20.37,19.21,19.99
6/24/2011,19.5,19.5,18.25,19.32
6/23/2011,20.89,20.95,19.47,19.5
6/22/2011,21.31,21.31,20.24,20.89
6/21/2011,22.18,22.18,20.93,21.31
6/20/2011,20.27,24.38,19.78,22.18
6/17/2011,19.66,20.28,18.6,20.27
6/16/2011,19.14,19.86,18.34,19.66
6/15/2011,18.51,19.22,17.9,19.14
6/14/2011,18.91,18.91,17.53,18.51
6/13/2011,18.54,19.41,18.23,18.91
6/10/2011,18.58,19.75,17.55,18.54
6/9/2011,18.58,19,17.8,18.58
6/8/2011,18.03,18.72,17.71,18.58
6/7/2011,18.21,18.58,17.84,18.03
6/6/2011,17.61,18.84,17.59,18.21
6/3/2011,17.98,18.17,16.99,17.61
6/2/2011,16.73,18.04,16.73,17.98
6/1/2011,16.82,17.43,16.36,16.73
5/31/2011,17.87,17.87,16.67,16.82
5/30/2011,17.25,18.87,17.25,17.87
5/27/2011,19.18,19.18,17.14,17.25
5/26/2011,20.66,20.85,18.53,19.18
5/25/2011,19.93,24.31,19.35,20.66
5/24/2011,21.04,21.36,19.55,19.93
5/23/2011,19.45,23.45,18.52,21.04
5/20/2011,20.41,20.41,18.42,19.45
5/19/2011,20.71,20.72,19.13,20.41
5/18/2011,21.03,21.42,19.42,20.71
5/17/2011,21.46,21.46,19.76,21.03
5/16/2011,20.63,21.97,19.9,21.46
5/13/2011,21.23,21.23,19.4,20.63
5/12/2011,21.24,21.45,19.83,21.23
5/11/2011,21.74,21.74,19.89,21.24
5/10/2011,21.5,21.91,20.19,21.74
5/9/2011,20.97,21.95,19.92,21.5
5/6/2011,21.6,21.6,19.36,20.97
5/5/2011,21.18,21.7,19.88,21.6
5/4/2011,21.58,21.81,20.58,21.18
5/3/2011,20.88,21.94,20.35,21.58
5/2/2011,19.58,21.13,19.58,20.88
4/29/2011,20.92,20.92,18.45,19.58
4/28/2011,21.35,21.65,20.25,20.92
4/27/2011,21.71,21.89,20.72,21.35
4/26/2011,20.91,22.42,20.88,21.71
4/25/2011,20.51,21.62,20.41,20.91
4/21/2011,20.99,20.99,19.86,20.51
4/20/2011,22.07,22.07,20.79,20.99
4/19/2011,22.45,23.04,21.5,22.07
4/18/2011,21.59,22.99,21.14,22.45
4/15/2011,20.41,22.4,19.54,21.59
4/13/2011,21.24,21.29,20.28,20.41
4/11/2011,20.54,21.63,20.36,21.24
4/8/2011,20.32,21.06,19.24,20.54
4/7/2011,20.36,20.79,19.97,20.32
4/6/2011,19.9,20.54,19.42,20.36
4/5/2011,20.06,20.72,18.84,19.9
4/4/2011,20.11,21.06,19.9,20.06
4/1/2011,22.18,22.18,20.1,20.11
